stage,id,subject,topic,concept,answer,lengths,ratio,unique_longest,reasons,repeat_ids
before,Q001,L11,L11101,AI、ML、DL 關係,B,18/30/17/9,2.0454545454545454,True,length>=2x;unique-longest-correct;repeated-option-set,"Q001,Q002,Q003"
before,Q002,L11,L11101,AI、ML、DL 關係,C,18/17/30/9,2.0454545454545454,True,length>=2x;unique-longest-correct;repeated-option-set,"Q001,Q002,Q003"
before,Q003,L11,L11101,AI、ML、DL 關係,D,18/9/17/30,2.0454545454545454,True,length>=2x;unique-longest-correct;repeated-option-set,"Q001,Q002,Q003"
before,Q004,L11,L11102,負責任 AI 治理,B,14/27/14/14,1.9285714285714286,True,unique-longest-correct;repeated-option-set,"Q004,Q005,Q006"
before,Q005,L11,L11102,負責任 AI 治理,D,14/14/14/27,1.9285714285714286,True,unique-longest-correct;repeated-option-set,"Q004,Q005,Q006"
before,Q006,L11,L11102,負責任 AI 治理,A,27/14/14/14,1.9285714285714286,True,unique-longest-correct;repeated-option-set,"Q004,Q005,Q006"
before,Q007,L11,L11201,結構化與非結構化資料,C,6/6/5/5,0.8823529411764706,False,repeated-option-set,"Q007,Q008,Q009"
before,Q008,L11,L11201,結構化與非結構化資料,D,6/5/6/5,0.8823529411764706,False,repeated-option-set,"Q007,Q008,Q009"
before,Q009,L11,L11201,結構化與非結構化資料,A,5/6/5/6,0.8823529411764706,False,repeated-option-set,"Q007,Q008,Q009"
before,Q010,L11,L11202,避免 Data Leakage,C,7/15/29/17,2.230769230769231,True,length>=2x;unique-longest-correct;repeated-option-set,"Q010,Q011,Q012"
before,Q011,L11,L11202,避免 Data Leakage,A,29/15/17/7,2.230769230769231,True,length>=2x;unique-longest-correct;repeated-option-set,"Q010,Q011,Q012"
before,Q012,L11,L11202,避免 Data Leakage,C,17/7/29/15,2.230769230769231,True,length>=2x;unique-longest-correct;repeated-option-set,"Q010,Q011,Q012"
before,Q013,L11,L11203,資料最小化,D,12/11/17/15,1.125,False,repeated-option-set,"Q013,Q014,Q015"
before,Q014,L11,L11203,資料最小化,C,11/17/15/12,1.125,False,repeated-option-set,"Q013,Q014,Q015"
before,Q015,L11,L11203,資料最小化,D,17/11/12/15,1.125,False,repeated-option-set,"Q013,Q014,Q015"
before,Q016,L11,L11301,過擬合,C,2/5/16/17,2.0,False,length>=2x;repeated-option-set,"Q016,Q017,Q018"
before,Q017,L11,L11301,過擬合,D,2/17/5/16,2.0,False,length>=2x;repeated-option-set,"Q016,Q017,Q018"
before,Q018,L11,L11301,過擬合,C,5/2/16/17,2.0,False,length>=2x;repeated-option-set,"Q016,Q017,Q018"
before,Q019,L11,L11302,監督式學習,B,5/5/6/4,1.0,False,repeated-option-set,"Q019,Q020,Q021"
before,Q020,L11,L11302,監督式學習,B,4/5/6/5,1.0,False,repeated-option-set,"Q019,Q020,Q021"
before,Q021,L11,L11302,監督式學習,D,5/6/4/5,1.0,False,repeated-option-set,"Q019,Q020,Q021"
before,Q022,L11,L11401,生成式與鑑別式 AI,D,11/6/13/25,2.5,True,length>=2x;unique-longest-correct;repeated-option-set,"Q022,Q023,Q024"
before,Q023,L11,L11401,生成式與鑑別式 AI,D,13/6/11/25,2.5,True,length>=2x;unique-longest-correct;repeated-option-set,"Q022,Q023,Q024"
before,Q024,L11,L11401,生成式與鑑別式 AI,C,6/13/25/11,2.5,True,length>=2x;unique-longest-correct;repeated-option-set,"Q022,Q023,Q024"
before,Q025,L11,L11402,整合應用,D,12/13/16/24,1.7560975609756098,True,unique-longest-correct;repeated-option-set,"Q025,Q026,Q027"
before,Q026,L11,L11402,整合應用,B,12/24/16/13,1.7560975609756098,True,unique-longest-correct;repeated-option-set,"Q025,Q026,Q027"
before,Q027,L11,L11402,整合應用,B,13/24/16/12,1.7560975609756098,True,unique-longest-correct;repeated-option-set,"Q025,Q026,Q027"
before,Q028,L12,L12101,No Code / Low Code,C,14/22/29/10,1.891304347826087,True,unique-longest-correct;repeated-option-set,"Q028,Q029,Q030"
before,Q029,L12,L12101,No Code / Low Code,D,14/22/10/29,1.891304347826087,True,unique-longest-correct;repeated-option-set,"Q028,Q029,Q030"
before,Q030,L12,L12101,No Code / Low Code,A,29/22/14/10,1.891304347826087,True,unique-longest-correct;repeated-option-set,"Q028,Q029,Q030"
before,Q031,L12,L12102,限制與選型,C,24/18/20/19,0.9836065573770493,False,repeated-option-set,"Q031,Q032,Q033"
before,Q032,L12,L12102,限制與選型,D,18/24/19/20,0.9836065573770493,False,repeated-option-set,"Q031,Q032,Q033"
before,Q033,L12,L12102,限制與選型,C,24/19/20/18,0.9836065573770493,False,repeated-option-set,"Q031,Q032,Q033"
before,Q034,L12,L12201,工具選擇,C,8/15/25/11,2.205882352941176,True,length>=2x;unique-longest-correct;repeated-option-set,"Q034,Q035,Q036"
before,Q035,L12,L12201,工具選擇,C,11/15/25/8,2.205882352941176,True,length>=2x;unique-longest-correct;repeated-option-set,"Q034,Q035,Q036"
before,Q036,L12,L12201,工具選擇,A,25/8/11/15,2.205882352941176,True,length>=2x;unique-longest-correct;repeated-option-set,"Q034,Q035,Q036"
before,Q037,L12,L12202,Prompt 設計,C,15/9/22/10,1.9411764705882353,True,unique-longest-correct;repeated-option-set,"Q037,Q038,Q039"
before,Q038,L12,L12202,Prompt 設計,A,22/9/15/10,1.9411764705882353,True,unique-longest-correct;repeated-option-set,"Q037,Q038,Q039"
before,Q039,L12,L12202,Prompt 設計,A,22/10/15/9,1.9411764705882353,True,unique-longest-correct;repeated-option-set,"Q037,Q038,Q039"
before,Q040,L12,L12301,導入評估,B,8/29/12/14,2.5588235294117645,True,length>=2x;unique-longest-correct;repeated-option-set,"Q040,Q041,Q042"
before,Q041,L12,L12301,導入評估,D,12/8/14/29,2.5588235294117645,True,length>=2x;unique-longest-correct;repeated-option-set,"Q040,Q041,Q042"
before,Q042,L12,L12301,導入評估,B,12/29/14/8,2.5588235294117645,True,length>=2x;unique-longest-correct;repeated-option-set,"Q040,Q041,Q042"
before,Q043,L12,L12302,PoC / Pilot,A,21/13/12/6,2.032258064516129,True,length>=2x;unique-longest-correct;repeated-option-set,"Q043,Q044,Q045"
before,Q044,L12,L12302,PoC / Pilot,D,12/6/13/21,2.032258064516129,True,length>=2x;unique-longest-correct;repeated-option-set,"Q043,Q044,Q045"
before,Q045,L12,L12302,PoC / Pilot,A,21/6/13/12,2.032258064516129,True,length>=2x;unique-longest-correct;repeated-option-set,"Q043,Q044,Q045"
before,Q046,L12,L12303,Prompt Injection,A,10/10/10/10,1.0,False,,Q046
before,Q047,L12,L12303,Prompt Injection,C,13/13/15/14,1.125,True,unique-longest-correct,Q047
before,Q048,L12,L12303,Prompt Injection,D,15/16/16/18,1.148936170212766,True,unique-longest-correct,Q048
before,Q049,L21,L21101,Tokenization / Embedding,D,3/13/7/12,1.5652173913043477,False,repeated-option-set,"Q049,Q050,Q051"
before,Q050,L21,L21101,Tokenization / Embedding,B,7/12/13/3,1.5652173913043477,False,repeated-option-set,"Q049,Q050,Q051"
before,Q051,L21,L21101,Tokenization / Embedding,A,12/3/13/7,1.5652173913043477,False,repeated-option-set,"Q049,Q050,Q051"
before,Q052,L21,L21102,Object Detection,B,14/15/17/19,0.8999999999999999,False,repeated-option-set,"Q052,Q053,Q054"
before,Q053,L21,L21102,Object Detection,A,15/19/17/14,0.8999999999999999,False,repeated-option-set,"Q052,Q053,Q054"
before,Q054,L21,L21102,Object Detection,C,17/19/15/14,0.8999999999999999,False,repeated-option-set,"Q052,Q053,Q054"
before,Q055,L21,L21103,RAG vs Fine-tuning,A,27/26/19/8,1.5283018867924527,True,unique-longest-correct;repeated-option-set,"Q055,Q056,Q057"
before,Q056,L21,L21103,RAG vs Fine-tuning,A,27/8/26/19,1.5283018867924527,True,unique-longest-correct;repeated-option-set,"Q055,Q056,Q057"
before,Q057,L21,L21103,RAG vs Fine-tuning,A,27/8/26/19,1.5283018867924527,True,unique-longest-correct;repeated-option-set,"Q055,Q056,Q057"
before,Q058,L21,L21104,多模態融合,C,14/10/21/8,1.96875,True,unique-longest-correct;repeated-option-set,"Q058,Q059,Q060"
before,Q059,L21,L21104,多模態融合,A,21/10/8/14,1.96875,True,unique-longest-correct;repeated-option-set,"Q058,Q059,Q060"
before,Q060,L21,L21104,多模態融合,D,10/8/14/21,1.96875,True,unique-longest-correct;repeated-option-set,"Q058,Q059,Q060"
before,Q061,L21,L21201,技術可行性評估,C,7/8/30/16,2.9032258064516125,True,length>=2x;unique-longest-correct;repeated-option-set,"Q061,Q062,Q063"
before,Q062,L21,L21201,技術可行性評估,B,7/30/8/16,2.9032258064516125,True,length>=2x;unique-longest-correct;repeated-option-set,"Q061,Q062,Q063"
before,Q063,L21,L21201,技術可行性評估,B,16/30/8/7,2.9032258064516125,True,length>=2x;unique-longest-correct;repeated-option-set,"Q061,Q062,Q063"
before,Q064,L21,L21202,AI 專案規劃,C,11/14/32/17,2.2857142857142856,True,length>=2x;unique-longest-correct;repeated-option-set,"Q064,Q065,Q066"
before,Q065,L21,L21202,AI 專案規劃,D,14/11/17/32,2.2857142857142856,True,length>=2x;unique-longest-correct;repeated-option-set,"Q064,Q065,Q066"
before,Q066,L21,L21202,AI 專案規劃,C,14/11/32/17,2.2857142857142856,True,length>=2x;unique-longest-correct;repeated-option-set,"Q064,Q065,Q066"
before,Q067,L21,L21203,AI 風險管理,C,10/7/27/14,2.6129032258064515,True,length>=2x;unique-longest-correct;repeated-option-set,"Q067,Q068,Q069"
before,Q068,L21,L21203,AI 風險管理,D,14/7/10/27,2.6129032258064515,True,length>=2x;unique-longest-correct;repeated-option-set,"Q067,Q068,Q069"
before,Q069,L21,L21203,AI 風險管理,D,10/14/7/27,2.6129032258064515,True,length>=2x;unique-longest-correct;repeated-option-set,"Q067,Q068,Q069"
before,Q070,L21,L21301,數據準備與模型選擇,C,10/8/31/15,2.8181818181818183,True,length>=2x;unique-longest-correct;repeated-option-set,"Q070,Q071,Q072"
before,Q071,L21,L21301,數據準備與模型選擇,C,15/10/31/8,2.8181818181818183,True,length>=2x;unique-longest-correct;repeated-option-set,"Q070,Q071,Q072"
before,Q072,L21,L21301,數據準備與模型選擇,C,8/10/31/15,2.8181818181818183,True,length>=2x;unique-longest-correct;repeated-option-set,"Q070,Q071,Q072"
before,Q073,L21,L21302,部署與系統集成,A,28/21/6/10,2.27027027027027,True,length>=2x;unique-longest-correct;repeated-option-set,"Q073,Q074,Q075"
before,Q074,L21,L21302,部署與系統集成,A,28/21/10/6,2.27027027027027,True,length>=2x;unique-longest-correct;repeated-option-set,"Q073,Q074,Q075"
before,Q075,L21,L21302,部署與系統集成,A,28/10/21/6,2.27027027027027,True,length>=2x;unique-longest-correct;repeated-option-set,"Q073,Q074,Q075"
before,Q076,L22,L22101,平均數與中位數,B,13/11/9/9,1.064516129032258,False,repeated-option-set,"Q076,Q077,Q078"
before,Q077,L22,L22101,平均數與中位數,D,9/13/9/11,1.064516129032258,False,repeated-option-set,"Q076,Q077,Q078"
before,Q078,L22,L22101,平均數與中位數,C,9/13/11/9,1.064516129032258,False,repeated-option-set,"Q076,Q077,Q078"
before,Q079,L22,L22102,常態分布,B,10/18/9/11,1.8,True,unique-longest-correct;repeated-option-set,"Q079,Q080,Q081"
before,Q080,L22,L22102,常態分布,B,10/18/9/11,1.8,True,unique-longest-correct;repeated-option-set,"Q079,Q080,Q081"
before,Q081,L22,L22102,常態分布,C,11/9/18/10,1.8,True,unique-longest-correct;repeated-option-set,"Q079,Q080,Q081"
before,Q082,L22,L22103,p-value,D,10/8/20/17,1.3421052631578947,False,repeated-option-set,"Q082,Q083,Q084"
before,Q083,L22,L22103,p-value,D,20/10/8/17,1.3421052631578947,False,repeated-option-set,"Q082,Q083,Q084"
before,Q084,L22,L22103,p-value,A,17/10/20/8,1.3421052631578947,False,repeated-option-set,"Q082,Q083,Q084"
before,Q085,L22,L22201,缺失值與異常值,B,20/20/19/19,1.0344827586206897,False,,Q085
before,Q086,L22,L22201,缺失值與異常值,B,18/18/18/18,1.0,False,,Q086
before,Q087,L22,L22201,缺失值與異常值,B,17/18/17/18,1.0384615384615385,False,,Q087
before,Q088,L22,L22202,資料湖與資料倉儲,D,9/10/15/23,2.0294117647058822,True,length>=2x;unique-longest-correct;repeated-option-set,"Q088,Q089,Q090"
before,Q089,L22,L22202,資料湖與資料倉儲,C,15/9/23/10,2.0294117647058822,True,length>=2x;unique-longest-correct;repeated-option-set,"Q088,Q089,Q090"
before,Q090,L22,L22202,資料湖與資料倉儲,D,10/9/15/23,2.0294117647058822,True,length>=2x;unique-longest-correct;repeated-option-set,"Q088,Q089,Q090"
before,Q091,L22,L22203,批次與串流處理,A,23/11/7/8,2.653846153846154,True,length>=2x;unique-longest-correct;repeated-option-set,"Q091,Q092,Q093"
before,Q092,L22,L22203,批次與串流處理,A,23/8/11/7,2.653846153846154,True,length>=2x;unique-longest-correct;repeated-option-set,"Q091,Q092,Q093"
before,Q093,L22,L22203,批次與串流處理,D,8/11/7/23,2.653846153846154,True,length>=2x;unique-longest-correct;repeated-option-set,"Q091,Q092,Q093"
before,Q094,L22,L22301,相關與因果,A,20/13/12/14,1.5384615384615385,True,unique-longest-correct;repeated-option-set,"Q094,Q095,Q096"
before,Q095,L22,L22301,相關與因果,B,12/20/14/13,1.5384615384615385,True,unique-longest-correct;repeated-option-set,"Q094,Q095,Q096"
before,Q096,L22,L22301,相關與因果,D,13/12/14/20,1.5384615384615385,True,unique-longest-correct;repeated-option-set,"Q094,Q095,Q096"
before,Q097,L22,L22302,分群分析,B,6/14/4/5,2.8,True,length>=2x;unique-longest-correct;repeated-option-set,"Q097,Q098,Q099"
before,Q098,L22,L22302,分群分析,A,14/6/4/5,2.8,True,length>=2x;unique-longest-correct;repeated-option-set,"Q097,Q098,Q099"
before,Q099,L22,L22302,分群分析,D,6/5/4/14,2.8,True,length>=2x;unique-longest-correct;repeated-option-set,"Q097,Q098,Q099"
before,Q100,L22,L22303,視覺化選擇,C,10/7/18/12,1.8620689655172415,True,unique-longest-correct;repeated-option-set,"Q100,Q101,Q102"
before,Q101,L22,L22303,視覺化選擇,A,18/12/10/7,1.8620689655172415,True,unique-longest-correct;repeated-option-set,"Q100,Q101,Q102"
before,Q102,L22,L22303,視覺化選擇,B,10/18/12/7,1.8620689655172415,True,unique-longest-correct;repeated-option-set,"Q100,Q101,Q102"
before,Q103,L22,L22401,大數據與模型訓練,D,14/13/11/29,2.2894736842105265,True,length>=2x;unique-longest-correct;repeated-option-set,"Q103,Q104,Q105"
before,Q104,L22,L22401,大數據與模型訓練,A,29/14/11/13,2.2894736842105265,True,length>=2x;unique-longest-correct;repeated-option-set,"Q103,Q104,Q105"
before,Q105,L22,L22401,大數據與模型訓練,A,29/13/14/11,2.2894736842105265,True,length>=2x;unique-longest-correct;repeated-option-set,"Q103,Q104,Q105"
before,Q106,L22,L22402,鑑別式 AI 與大數據,B,6/19/9/9,2.375,True,length>=2x;unique-longest-correct;repeated-option-set,"Q106,Q107,Q108"
before,Q107,L22,L22402,鑑別式 AI 與大數據,B,9/19/6/9,2.375,True,length>=2x;unique-longest-correct;repeated-option-set,"Q106,Q107,Q108"
before,Q108,L22,L22402,鑑別式 AI 與大數據,D,9/9/6/19,2.375,True,length>=2x;unique-longest-correct;repeated-option-set,"Q106,Q107,Q108"
before,Q109,L22,L22403,生成式 AI 資料,D,12/13/13/22,1.736842105263158,True,unique-longest-correct;repeated-option-set,"Q109,Q110,Q111"
before,Q110,L22,L22403,生成式 AI 資料,D,12/13/13/22,1.736842105263158,True,unique-longest-correct;repeated-option-set,"Q109,Q110,Q111"
before,Q111,L22,L22403,生成式 AI 資料,B,13/22/13/12,1.736842105263158,True,unique-longest-correct;repeated-option-set,"Q109,Q110,Q111"
before,Q112,L22,L22404,匿名化與再識別,B,17/17/17/17,1.0,False,,Q112
before,Q113,L22,L22404,匿名化與再識別,D,17/17/17/17,1.0,False,,Q113
before,Q114,L22,L22404,匿名化與再識別,B,20/21/20/20,1.05,True,unique-longest-correct,Q114
before,Q115,L23,L23101,Bayes 定理,C,4/10/7/4,1.1666666666666667,False,repeated-option-set,"Q115,Q116,Q117"
before,Q116,L23,L23101,Bayes 定理,A,7/10/4/4,1.1666666666666667,False,repeated-option-set,"Q115,Q116,Q117"
before,Q117,L23,L23101,Bayes 定理,A,7/4/10/4,1.1666666666666667,False,repeated-option-set,"Q115,Q116,Q117"
before,Q118,L23,L23102,矩陣與向量,D,6/6/5/7,1.2352941176470587,True,unique-longest-correct;repeated-option-set,"Q118,Q119,Q120"
before,Q119,L23,L23102,矩陣與向量,D,6/6/5/7,1.2352941176470587,True,unique-longest-correct;repeated-option-set,"Q118,Q119,Q120"
before,Q120,L23,L23102,矩陣與向量,A,7/5/6/6,1.2352941176470587,True,unique-longest-correct;repeated-option-set,"Q118,Q119,Q120"
before,Q121,L23,L23103,梯度下降,D,7/13/15/21,1.8,True,unique-longest-correct;repeated-option-set,"Q121,Q122,Q123"
before,Q122,L23,L23103,梯度下降,C,15/13/21/7,1.8,True,unique-longest-correct;repeated-option-set,"Q121,Q122,Q123"
before,Q123,L23,L23103,梯度下降,C,7/15/21/13,1.8,True,unique-longest-correct;repeated-option-set,"Q121,Q122,Q123"
before,Q124,L23,L23201,Bias-Variance,D,11/18/8/19,1.5405405405405406,True,unique-longest-correct;repeated-option-set,"Q124,Q125,Q126"
before,Q125,L23,L23201,Bias-Variance,C,18/8/19/11,1.5405405405405406,True,unique-longest-correct;repeated-option-set,"Q124,Q125,Q126"
before,Q126,L23,L23201,Bias-Variance,C,18/11/19/8,1.5405405405405406,True,unique-longest-correct;repeated-option-set,"Q124,Q125,Q126"
before,Q127,L23,L23202,Random Forest,C,21/21/21/22,0.984375,False,,Q127
before,Q128,L23,L23202,Random Forest,B,21/22/21/21,1.0476190476190477,True,unique-longest-correct,Q128
before,Q129,L23,L23202,Random Forest,B,22/23/22/23,1.0298507462686568,False,,Q129
before,Q130,L23,L23203,CNN,B,8/18/9/11,1.9285714285714284,True,unique-longest-correct;repeated-option-set,"Q130,Q131,Q132"
before,Q131,L23,L23203,CNN,D,9/11/8/18,1.9285714285714284,True,unique-longest-correct;repeated-option-set,"Q130,Q131,Q132"
before,Q132,L23,L23203,CNN,D,11/9/8/18,1.9285714285714284,True,unique-longest-correct;repeated-option-set,"Q130,Q131,Q132"
before,Q133,L23,L23301,特徵工程,A,15/15/15/14,1.0227272727272727,False,,Q133
before,Q134,L23,L23301,特徵工程,A,14/15/14/14,0.9767441860465116,False,,Q134
before,Q135,L23,L23301,特徵工程,A,18/19/19/20,0.9310344827586208,False,,Q135
before,Q136,L23,L23302,模型架構選擇,B,22/20/11/8,1.4634146341463414,False,repeated-option-set,"Q136,Q137,Q138"
before,Q137,L23,L23302,模型架構選擇,B,22/20/11/8,1.4634146341463414,False,repeated-option-set,"Q136,Q137,Q138"
before,Q138,L23,L23302,模型架構選擇,B,8/20/11/22,1.4634146341463414,False,repeated-option-set,"Q136,Q137,Q138"
before,Q139,L23,L23303,交叉驗證,A,20/19/19/20,1.0344827586206897,False,,Q139
before,Q140,L23,L23303,交叉驗證,C,13/13/13/14,0.975,False,,Q140
before,Q141,L23,L23303,交叉驗證,C,21/21/22/22,1.03125,False,,Q141
before,Q142,L23,L23304,Hyperparameter Tuning,A,12/11/12/11,1.0588235294117647,False,,Q142
before,Q143,L23,L23304,Hyperparameter Tuning,A,18/19/18/19,0.9642857142857142,False,,Q143
before,Q144,L23,L23304,Hyperparameter Tuning,D,17/17/18/19,1.0961538461538463,True,unique-longest-correct,Q144
before,Q145,L23,L23401,差分隱私,D,13/4/10/25,2.7777777777777777,True,length>=2x;unique-longest-correct;repeated-option-set,"Q145,Q146,Q147"
before,Q146,L23,L23401,差分隱私,B,10/25/13/4,2.7777777777777777,True,length>=2x;unique-longest-correct;repeated-option-set,"Q145,Q146,Q147"
before,Q147,L23,L23401,差分隱私,D,10/13/4/25,2.7777777777777777,True,length>=2x;unique-longest-correct;repeated-option-set,"Q145,Q146,Q147"
before,Q148,L23,L23402,公平性,C,6/12/27/16,2.3823529411764706,True,length>=2x;unique-longest-correct;repeated-option-set,"Q148,Q149,Q150"
before,Q149,L23,L23402,公平性,B,16/27/12/6,2.3823529411764706,True,length>=2x;unique-longest-correct;repeated-option-set,"Q148,Q149,Q150"
before,Q150,L23,L23402,公平性,C,16/12/27/6,2.3823529411764706,True,length>=2x;unique-longest-correct;repeated-option-set,"Q148,Q149,Q150"
before,Q151,L11,L11302,Precision / Recall,B,14/11/3/2,1.736842105263158,False,repeated-option-set,"Q151,Q152,Q153"
before,Q152,L11,L11302,Precision / Recall,D,3/14/2/11,1.736842105263158,False,repeated-option-set,"Q151,Q152,Q153"
before,Q153,L11,L11302,Precision / Recall,A,11/3/2/14,1.736842105263158,False,repeated-option-set,"Q151,Q152,Q153"
before,Q154,L12,L12202,RAG 與向量檢索,C,16/15/16/15,1.0434782608695652,False,,Q154
before,Q155,L12,L12202,RAG 與向量檢索,B,20/20/20/20,1.0,False,,Q155
before,Q156,L12,L12202,RAG 與向量檢索,A,18/18/18/19,0.9818181818181819,False,,Q156
before,Q157,L12,L12202,Function Calling,B,10/20/14/16,1.5,True,unique-longest-correct;repeated-option-set,"Q157,Q158,Q159"
before,Q158,L12,L12202,Function Calling,B,14/20/10/16,1.5,True,unique-longest-correct;repeated-option-set,"Q157,Q158,Q159"
before,Q159,L12,L12202,Function Calling,A,20/16/14/10,1.5,True,unique-longest-correct;repeated-option-set,"Q157,Q158,Q159"
before,Q160,L21,L21103,Attention,A,9/7/7/12,1.0384615384615385,False,repeated-option-set,"Q160,Q161,Q162"
before,Q161,L21,L21103,Attention,C,7/7/9/12,1.0384615384615385,False,repeated-option-set,"Q160,Q161,Q162"
before,Q162,L21,L21103,Attention,C,12/7/9/7,1.0384615384615385,False,repeated-option-set,"Q160,Q161,Q162"
before,Q163,L22,L22101,標準差,B,9/12/12/12,1.0909090909090908,False,,Q163
before,Q164,L22,L22101,標準差,C,5/5/5/5,1.0,False,,Q164
before,Q165,L22,L22101,標準差,D,6/7/7/7,1.05,False,,Q165
before,Q166,L22,L22203,MapReduce,B,15/29/18/18,1.7058823529411764,True,unique-longest-correct;repeated-option-set,"Q166,Q167,Q168"
before,Q167,L22,L22203,MapReduce,B,18/29/15/18,1.7058823529411764,True,unique-longest-correct;repeated-option-set,"Q166,Q167,Q168"
before,Q168,L22,L22203,MapReduce,A,29/18/15/18,1.7058823529411764,True,unique-longest-correct;repeated-option-set,"Q166,Q167,Q168"
before,Q169,L23,L23303,分類評估,A,16/16/16/16,1.0,False,,Q169
before,Q170,L23,L23303,分類評估,B,18/20/19/20,1.0526315789473684,False,,Q170
before,Q171,L23,L23303,分類評估,C,16/14/20/19,1.2244897959183674,True,unique-longest-correct,Q171
before,Q172,L11,L11201,大數據 4V,A,32/22/15/16,1.811320754716981,True,unique-longest-correct;repeated-option-set,"Q172,Q173,Q174,Q175,Q176,Q177"
before,Q173,L11,L11201,大數據 4V,B,15/32/22/16,1.811320754716981,True,unique-longest-correct;repeated-option-set,"Q172,Q173,Q174,Q175,Q176,Q177"
before,Q174,L11,L11201,大數據 4V,D,22/15/16/32,1.811320754716981,True,unique-longest-correct;repeated-option-set,"Q172,Q173,Q174,Q175,Q176,Q177"
before,Q175,L11,L11201,大數據 4V,D,15/16/22/32,1.811320754716981,True,unique-longest-correct;repeated-option-set,"Q172,Q173,Q174,Q175,Q176,Q177"
before,Q176,L11,L11201,大數據 4V,C,22/16/32/15,1.811320754716981,True,unique-longest-correct;repeated-option-set,"Q172,Q173,Q174,Q175,Q176,Q177"
before,Q177,L11,L11201,大數據 4V,D,16/22/15/32,1.811320754716981,True,unique-longest-correct;repeated-option-set,"Q172,Q173,Q174,Q175,Q176,Q177"
before,Q178,L11,L11202,Train/Validation/Test,B,17/33/14/16,2.1063829787234045,True,length>=2x;unique-longest-correct;repeated-option-set,"Q178,Q179,Q180,Q181,Q182,Q183"
before,Q179,L11,L11202,Train/Validation/Test,A,33/16/17/14,2.1063829787234045,True,length>=2x;unique-longest-correct;repeated-option-set,"Q178,Q179,Q180,Q181,Q182,Q183"
before,Q180,L11,L11202,Train/Validation/Test,C,14/17/33/16,2.1063829787234045,True,length>=2x;unique-longest-correct;repeated-option-set,"Q178,Q179,Q180,Q181,Q182,Q183"
before,Q181,L11,L11202,Train/Validation/Test,C,14/17/33/16,2.1063829787234045,True,length>=2x;unique-longest-correct;repeated-option-set,"Q178,Q179,Q180,Q181,Q182,Q183"
before,Q182,L11,L11202,Train/Validation/Test,A,33/14/16/17,2.1063829787234045,True,length>=2x;unique-longest-correct;repeated-option-set,"Q178,Q179,Q180,Q181,Q182,Q183"
before,Q183,L11,L11202,Train/Validation/Test,B,17/33/16/14,2.1063829787234045,True,length>=2x;unique-longest-correct;repeated-option-set,"Q178,Q179,Q180,Q181,Q182,Q183"
before,Q184,L11,L11202,缺失值處理,D,14/9/15/29,2.2894736842105265,True,length>=2x;unique-longest-correct;repeated-option-set,"Q184,Q185,Q186,Q187,Q188,Q189"
before,Q185,L11,L11202,缺失值處理,D,9/14/15/29,2.2894736842105265,True,length>=2x;unique-longest-correct;repeated-option-set,"Q184,Q185,Q186,Q187,Q188,Q189"
before,Q186,L11,L11202,缺失值處理,A,29/15/9/14,2.2894736842105265,True,length>=2x;unique-longest-correct;repeated-option-set,"Q184,Q185,Q186,Q187,Q188,Q189"
before,Q187,L11,L11202,缺失值處理,C,14/9/29/15,2.2894736842105265,True,length>=2x;unique-longest-correct;repeated-option-set,"Q184,Q185,Q186,Q187,Q188,Q189"
before,Q188,L11,L11202,缺失值處理,B,9/29/14/15,2.2894736842105265,True,length>=2x;unique-longest-correct;repeated-option-set,"Q184,Q185,Q186,Q187,Q188,Q189"
before,Q189,L11,L11202,缺失值處理,B,9/29/15/14,2.2894736842105265,True,length>=2x;unique-longest-correct;repeated-option-set,"Q184,Q185,Q186,Q187,Q188,Q189"
before,Q190,L11,L11302,分類與迴歸,D,17/10/19/23,1.5,True,unique-longest-correct;repeated-option-set,"Q190,Q191,Q192,Q193,Q194,Q195"
before,Q191,L11,L11302,分類與迴歸,D,19/17/10/23,1.5,True,unique-longest-correct;repeated-option-set,"Q190,Q191,Q192,Q193,Q194,Q195"
before,Q192,L11,L11302,分類與迴歸,D,19/17/10/23,1.5,True,unique-longest-correct;repeated-option-set,"Q190,Q191,Q192,Q193,Q194,Q195"
before,Q193,L11,L11302,分類與迴歸,B,10/23/19/17,1.5,True,unique-longest-correct;repeated-option-set,"Q190,Q191,Q192,Q193,Q194,Q195"
before,Q194,L11,L11302,分類與迴歸,C,19/10/23/17,1.5,True,unique-longest-correct;repeated-option-set,"Q190,Q191,Q192,Q193,Q194,Q195"
before,Q195,L11,L11302,分類與迴歸,B,10/23/19/17,1.5,True,unique-longest-correct;repeated-option-set,"Q190,Q191,Q192,Q193,Q194,Q195"
before,Q196,L11,L11302,Precision 與 Recall 取捨,B,21/40/15/21,2.1052631578947367,True,length>=2x;unique-longest-correct;repeated-option-set,"Q196,Q197,Q198,Q199,Q200,Q201"
before,Q197,L11,L11302,Precision 與 Recall 取捨,B,21/40/21/15,2.1052631578947367,True,length>=2x;unique-longest-correct;repeated-option-set,"Q196,Q197,Q198,Q199,Q200,Q201"
before,Q198,L11,L11302,Precision 與 Recall 取捨,C,21/15/40/21,2.1052631578947367,True,length>=2x;unique-longest-correct;repeated-option-set,"Q196,Q197,Q198,Q199,Q200,Q201"
before,Q199,L11,L11302,Precision 與 Recall 取捨,B,15/40/21/21,2.1052631578947367,True,length>=2x;unique-longest-correct;repeated-option-set,"Q196,Q197,Q198,Q199,Q200,Q201"
before,Q200,L11,L11302,Precision 與 Recall 取捨,B,15/40/21/21,2.1052631578947367,True,length>=2x;unique-longest-correct;repeated-option-set,"Q196,Q197,Q198,Q199,Q200,Q201"
before,Q201,L11,L11302,Precision 與 Recall 取捨,C,15/21/40/21,2.1052631578947367,True,length>=2x;unique-longest-correct;repeated-option-set,"Q196,Q197,Q198,Q199,Q200,Q201"
before,Q202,L11,L11401,生成模型類型,C,19/15/34/16,2.04,True,length>=2x;unique-longest-correct;repeated-option-set,"Q202,Q203,Q204,Q205,Q206,Q207"
before,Q203,L11,L11401,生成模型類型,D,19/15/16/34,2.04,True,length>=2x;unique-longest-correct;repeated-option-set,"Q202,Q203,Q204,Q205,Q206,Q207"
before,Q204,L11,L11401,生成模型類型,A,34/16/19/15,2.04,True,length>=2x;unique-longest-correct;repeated-option-set,"Q202,Q203,Q204,Q205,Q206,Q207"
before,Q205,L11,L11401,生成模型類型,A,34/19/16/15,2.04,True,length>=2x;unique-longest-correct;repeated-option-set,"Q202,Q203,Q204,Q205,Q206,Q207"
before,Q206,L11,L11401,生成模型類型,C,19/15/34/16,2.04,True,length>=2x;unique-longest-correct;repeated-option-set,"Q202,Q203,Q204,Q205,Q206,Q207"
before,Q207,L11,L11401,生成模型類型,D,16/19/15/34,2.04,True,length>=2x;unique-longest-correct;repeated-option-set,"Q202,Q203,Q204,Q205,Q206,Q207"
before,Q208,L11,L11102,可解釋性與責任,D,16/13/18/27,1.723404255319149,True,unique-longest-correct;repeated-option-set,"Q208,Q209,Q210,Q211,Q212,Q213"
before,Q209,L11,L11102,可解釋性與責任,A,27/16/13/18,1.723404255319149,True,unique-longest-correct;repeated-option-set,"Q208,Q209,Q210,Q211,Q212,Q213"
before,Q210,L11,L11102,可解釋性與責任,C,16/18/27/13,1.723404255319149,True,unique-longest-correct;repeated-option-set,"Q208,Q209,Q210,Q211,Q212,Q213"
before,Q211,L11,L11102,可解釋性與責任,A,27/18/16/13,1.723404255319149,True,unique-longest-correct;repeated-option-set,"Q208,Q209,Q210,Q211,Q212,Q213"
before,Q212,L11,L11102,可解釋性與責任,B,16/27/18/13,1.723404255319149,True,unique-longest-correct;repeated-option-set,"Q208,Q209,Q210,Q211,Q212,Q213"
before,Q213,L11,L11102,可解釋性與責任,D,13/18/16/27,1.723404255319149,True,unique-longest-correct;repeated-option-set,"Q208,Q209,Q210,Q211,Q212,Q213"
before,Q214,L12,L12202,Zero-shot / Few-shot,C,18/22/41/13,2.320754716981132,True,length>=2x;unique-longest-correct;repeated-option-set,"Q214,Q215,Q216,Q217,Q218,Q219"
before,Q215,L12,L12202,Zero-shot / Few-shot,B,13/41/22/18,2.320754716981132,True,length>=2x;unique-longest-correct;repeated-option-set,"Q214,Q215,Q216,Q217,Q218,Q219"
before,Q216,L12,L12202,Zero-shot / Few-shot,C,18/22/41/13,2.320754716981132,True,length>=2x;unique-longest-correct;repeated-option-set,"Q214,Q215,Q216,Q217,Q218,Q219"
before,Q217,L12,L12202,Zero-shot / Few-shot,A,41/13/18/22,2.320754716981132,True,length>=2x;unique-longest-correct;repeated-option-set,"Q214,Q215,Q216,Q217,Q218,Q219"
before,Q218,L12,L12202,Zero-shot / Few-shot,C,22/18/41/13,2.320754716981132,True,length>=2x;unique-longest-correct;repeated-option-set,"Q214,Q215,Q216,Q217,Q218,Q219"
before,Q219,L12,L12202,Zero-shot / Few-shot,B,18/41/22/13,2.320754716981132,True,length>=2x;unique-longest-correct;repeated-option-set,"Q214,Q215,Q216,Q217,Q218,Q219"
before,Q220,L12,L12202,Temperature,C,23/23/38/20,1.7272727272727273,True,unique-longest-correct;repeated-option-set,"Q220,Q221,Q222,Q223,Q224,Q225"
before,Q221,L12,L12202,Temperature,A,38/20/23/23,1.7272727272727273,True,unique-longest-correct;repeated-option-set,"Q220,Q221,Q222,Q223,Q224,Q225"
before,Q222,L12,L12202,Temperature,C,20/23/38/23,1.7272727272727273,True,unique-longest-correct;repeated-option-set,"Q220,Q221,Q222,Q223,Q224,Q225"
before,Q223,L12,L12202,Temperature,A,38/20/23/23,1.7272727272727273,True,unique-longest-correct;repeated-option-set,"Q220,Q221,Q222,Q223,Q224,Q225"
before,Q224,L12,L12202,Temperature,D,23/23/20/38,1.7272727272727273,True,unique-longest-correct;repeated-option-set,"Q220,Q221,Q222,Q223,Q224,Q225"
before,Q225,L12,L12202,Temperature,D,20/23/23/38,1.7272727272727273,True,unique-longest-correct;repeated-option-set,"Q220,Q221,Q222,Q223,Q224,Q225"
before,Q226,L12,L12202,RAG Chunking,A,39/22/17/12,2.2941176470588234,True,length>=2x;unique-longest-correct;repeated-option-set,"Q226,Q227,Q228,Q229,Q230,Q231"
before,Q227,L12,L12202,RAG Chunking,D,12/17/22/39,2.2941176470588234,True,length>=2x;unique-longest-correct;repeated-option-set,"Q226,Q227,Q228,Q229,Q230,Q231"
before,Q228,L12,L12202,RAG Chunking,A,39/17/12/22,2.2941176470588234,True,length>=2x;unique-longest-correct;repeated-option-set,"Q226,Q227,Q228,Q229,Q230,Q231"
before,Q229,L12,L12202,RAG Chunking,D,17/12/22/39,2.2941176470588234,True,length>=2x;unique-longest-correct;repeated-option-set,"Q226,Q227,Q228,Q229,Q230,Q231"
before,Q230,L12,L12202,RAG Chunking,A,39/22/17/12,2.2941176470588234,True,length>=2x;unique-longest-correct;repeated-option-set,"Q226,Q227,Q228,Q229,Q230,Q231"
before,Q231,L12,L12202,RAG Chunking,C,22/12/39/17,2.2941176470588234,True,length>=2x;unique-longest-correct;repeated-option-set,"Q226,Q227,Q228,Q229,Q230,Q231"
before,Q232,L12,L12202,向量相似度,A,46/16/23/17,2.464285714285714,True,length>=2x;unique-longest-correct;repeated-option-set,"Q232,Q233,Q234,Q235,Q236,Q237"
before,Q233,L12,L12202,向量相似度,C,17/23/46/16,2.464285714285714,True,length>=2x;unique-longest-correct;repeated-option-set,"Q232,Q233,Q234,Q235,Q236,Q237"
before,Q234,L12,L12202,向量相似度,C,17/16/46/23,2.464285714285714,True,length>=2x;unique-longest-correct;repeated-option-set,"Q232,Q233,Q234,Q235,Q236,Q237"
before,Q235,L12,L12202,向量相似度,C,17/16/46/23,2.464285714285714,True,length>=2x;unique-longest-correct;repeated-option-set,"Q232,Q233,Q234,Q235,Q236,Q237"
before,Q236,L12,L12202,向量相似度,A,46/17/16/23,2.464285714285714,True,length>=2x;unique-longest-correct;repeated-option-set,"Q232,Q233,Q234,Q235,Q236,Q237"
before,Q237,L12,L12202,向量相似度,D,17/23/16/46,2.464285714285714,True,length>=2x;unique-longest-correct;repeated-option-set,"Q232,Q233,Q234,Q235,Q236,Q237"
before,Q238,L12,L12201,Tool Calling / MCP,C,25/18/32/20,1.5238095238095237,True,unique-longest-correct;repeated-option-set,"Q238,Q239,Q240,Q241,Q242,Q243"
before,Q239,L12,L12201,Tool Calling / MCP,C,20/25/32/18,1.5238095238095237,True,unique-longest-correct;repeated-option-set,"Q238,Q239,Q240,Q241,Q242,Q243"
before,Q240,L12,L12201,Tool Calling / MCP,D,25/20/18/32,1.5238095238095237,True,unique-longest-correct;repeated-option-set,"Q238,Q239,Q240,Q241,Q242,Q243"
before,Q241,L12,L12201,Tool Calling / MCP,A,32/25/20/18,1.5238095238095237,True,unique-longest-correct;repeated-option-set,"Q238,Q239,Q240,Q241,Q242,Q243"
before,Q242,L12,L12201,Tool Calling / MCP,C,18/20/32/25,1.5238095238095237,True,unique-longest-correct;repeated-option-set,"Q238,Q239,Q240,Q241,Q242,Q243"
before,Q243,L12,L12201,Tool Calling / MCP,B,20/32/25/18,1.5238095238095237,True,unique-longest-correct;repeated-option-set,"Q238,Q239,Q240,Q241,Q242,Q243"
before,Q244,L12,L12301,Agent 記憶與狀態,B,20/33/19/20,1.6779661016949152,True,unique-longest-correct;repeated-option-set,"Q244,Q245,Q246,Q247,Q248,Q249"
before,Q245,L12,L12301,Agent 記憶與狀態,B,19/33/20/20,1.6779661016949152,True,unique-longest-correct;repeated-option-set,"Q244,Q245,Q246,Q247,Q248,Q249"
before,Q246,L12,L12301,Agent 記憶與狀態,D,20/20/19/33,1.6779661016949152,True,unique-longest-correct;repeated-option-set,"Q244,Q245,Q246,Q247,Q248,Q249"
before,Q247,L12,L12301,Agent 記憶與狀態,A,33/20/20/19,1.6779661016949152,True,unique-longest-correct;repeated-option-set,"Q244,Q245,Q246,Q247,Q248,Q249"
before,Q248,L12,L12301,Agent 記憶與狀態,A,33/20/20/19,1.6779661016949152,True,unique-longest-correct;repeated-option-set,"Q244,Q245,Q246,Q247,Q248,Q249"
before,Q249,L12,L12301,Agent 記憶與狀態,D,20/19/20/33,1.6779661016949152,True,unique-longest-correct;repeated-option-set,"Q244,Q245,Q246,Q247,Q248,Q249"
before,Q250,L12,L12302,結構化輸出與驗證,C,19/15/34/20,1.8888888888888888,True,unique-longest-correct;repeated-option-set,"Q250,Q251,Q252,Q253,Q254,Q255"
before,Q251,L12,L12302,結構化輸出與驗證,D,19/20/15/34,1.8888888888888888,True,unique-longest-correct;repeated-option-set,"Q250,Q251,Q252,Q253,Q254,Q255"
before,Q252,L12,L12302,結構化輸出與驗證,D,20/19/15/34,1.8888888888888888,True,unique-longest-correct;repeated-option-set,"Q250,Q251,Q252,Q253,Q254,Q255"
before,Q253,L12,L12302,結構化輸出與驗證,B,20/34/15/19,1.8888888888888888,True,unique-longest-correct;repeated-option-set,"Q250,Q251,Q252,Q253,Q254,Q255"
before,Q254,L12,L12302,結構化輸出與驗證,B,19/34/20/15,1.8888888888888888,True,unique-longest-correct;repeated-option-set,"Q250,Q251,Q252,Q253,Q254,Q255"
before,Q255,L12,L12302,結構化輸出與驗證,A,34/19/15/20,1.8888888888888888,True,unique-longest-correct;repeated-option-set,"Q250,Q251,Q252,Q253,Q254,Q255"
before,Q256,L12,L12301,ROI / TCO,B,11/38/18/13,2.7142857142857144,True,length>=2x;unique-longest-correct;repeated-option-set,"Q256,Q257,Q258,Q259,Q260,Q261"
before,Q257,L12,L12301,ROI / TCO,B,11/38/13/18,2.7142857142857144,True,length>=2x;unique-longest-correct;repeated-option-set,"Q256,Q257,Q258,Q259,Q260,Q261"
before,Q258,L12,L12301,ROI / TCO,A,38/13/11/18,2.7142857142857144,True,length>=2x;unique-longest-correct;repeated-option-set,"Q256,Q257,Q258,Q259,Q260,Q261"
before,Q259,L12,L12301,ROI / TCO,B,13/38/18/11,2.7142857142857144,True,length>=2x;unique-longest-correct;repeated-option-set,"Q256,Q257,Q258,Q259,Q260,Q261"
before,Q260,L12,L12301,ROI / TCO,A,38/11/18/13,2.7142857142857144,True,length>=2x;unique-longest-correct;repeated-option-set,"Q256,Q257,Q258,Q259,Q260,Q261"
before,Q261,L12,L12301,ROI / TCO,A,38/18/13/11,2.7142857142857144,True,length>=2x;unique-longest-correct;repeated-option-set,"Q256,Q257,Q258,Q259,Q260,Q261"
before,Q262,L21,L21101,NER 與文本抽取,C,13/13/31/13,2.3846153846153846,True,length>=2x;unique-longest-correct;repeated-option-set,"Q262,Q263,Q264,Q265,Q266,Q267"
before,Q263,L21,L21101,NER 與文本抽取,C,13/13/31/13,2.3846153846153846,True,length>=2x;unique-longest-correct;repeated-option-set,"Q262,Q263,Q264,Q265,Q266,Q267"
before,Q264,L21,L21101,NER 與文本抽取,A,31/13/13/13,2.3846153846153846,True,length>=2x;unique-longest-correct;repeated-option-set,"Q262,Q263,Q264,Q265,Q266,Q267"
before,Q265,L21,L21101,NER 與文本抽取,A,31/13/13/13,2.3846153846153846,True,length>=2x;unique-longest-correct;repeated-option-set,"Q262,Q263,Q264,Q265,Q266,Q267"
before,Q266,L21,L21101,NER 與文本抽取,C,13/13/31/13,2.3846153846153846,True,length>=2x;unique-longest-correct;repeated-option-set,"Q262,Q263,Q264,Q265,Q266,Q267"
before,Q267,L21,L21101,NER 與文本抽取,B,13/31/13/13,2.3846153846153846,True,length>=2x;unique-longest-correct;repeated-option-set,"Q262,Q263,Q264,Q265,Q266,Q267"
before,Q268,L21,L21101,上下文長度與摘要,A,44/15/23/31,1.9130434782608696,True,unique-longest-correct;repeated-option-set,"Q268,Q269,Q270,Q271,Q272,Q273"
before,Q269,L21,L21101,上下文長度與摘要,C,23/31/44/15,1.9130434782608696,True,unique-longest-correct;repeated-option-set,"Q268,Q269,Q270,Q271,Q272,Q273"
before,Q270,L21,L21101,上下文長度與摘要,B,23/44/31/15,1.9130434782608696,True,unique-longest-correct;repeated-option-set,"Q268,Q269,Q270,Q271,Q272,Q273"
before,Q271,L21,L21101,上下文長度與摘要,B,31/44/15/23,1.9130434782608696,True,unique-longest-correct;repeated-option-set,"Q268,Q269,Q270,Q271,Q272,Q273"
before,Q272,L21,L21101,上下文長度與摘要,B,15/44/23/31,1.9130434782608696,True,unique-longest-correct;repeated-option-set,"Q268,Q269,Q270,Q271,Q272,Q273"
before,Q273,L21,L21101,上下文長度與摘要,B,31/44/15/23,1.9130434782608696,True,unique-longest-correct;repeated-option-set,"Q268,Q269,Q270,Q271,Q272,Q273"
before,Q274,L21,L21103,LoRA / PEFT,B,19/35/26/14,1.7796610169491525,True,unique-longest-correct;repeated-option-set,"Q274,Q275,Q276,Q277,Q278,Q279"
before,Q275,L21,L21103,LoRA / PEFT,B,26/35/14/19,1.7796610169491525,True,unique-longest-correct;repeated-option-set,"Q274,Q275,Q276,Q277,Q278,Q279"
before,Q276,L21,L21103,LoRA / PEFT,D,26/19/14/35,1.7796610169491525,True,unique-longest-correct;repeated-option-set,"Q274,Q275,Q276,Q277,Q278,Q279"
before,Q277,L21,L21103,LoRA / PEFT,A,35/14/26/19,1.7796610169491525,True,unique-longest-correct;repeated-option-set,"Q274,Q275,Q276,Q277,Q278,Q279"
before,Q278,L21,L21103,LoRA / PEFT,A,35/14/19/26,1.7796610169491525,True,unique-longest-correct;repeated-option-set,"Q274,Q275,Q276,Q277,Q278,Q279"
before,Q279,L21,L21103,LoRA / PEFT,C,19/26/35/14,1.7796610169491525,True,unique-longest-correct;repeated-option-set,"Q274,Q275,Q276,Q277,Q278,Q279"
before,Q280,L21,L21102,Segmentation,C,31/26/41/12,1.7826086956521738,True,unique-longest-correct;repeated-option-set,"Q280,Q281,Q282,Q283,Q284,Q285"
before,Q281,L21,L21102,Segmentation,B,26/41/31/12,1.7826086956521738,True,unique-longest-correct;repeated-option-set,"Q280,Q281,Q282,Q283,Q284,Q285"
before,Q282,L21,L21102,Segmentation,C,31/26/41/12,1.7826086956521738,True,unique-longest-correct;repeated-option-set,"Q280,Q281,Q282,Q283,Q284,Q285"
before,Q283,L21,L21102,Segmentation,A,41/26/31/12,1.7826086956521738,True,unique-longest-correct;repeated-option-set,"Q280,Q281,Q282,Q283,Q284,Q285"
before,Q284,L21,L21102,Segmentation,A,41/12/31/26,1.7826086956521738,True,unique-longest-correct;repeated-option-set,"Q280,Q281,Q282,Q283,Q284,Q285"
before,Q285,L21,L21102,Segmentation,C,31/26/41/12,1.7826086956521738,True,unique-longest-correct;repeated-option-set,"Q280,Q281,Q282,Q283,Q284,Q285"
before,Q286,L21,L21104,多模態對齊,B,17/36/15/20,2.076923076923077,True,length>=2x;unique-longest-correct;repeated-option-set,"Q286,Q287,Q288,Q289,Q290,Q291"
before,Q287,L21,L21104,多模態對齊,B,20/36/15/17,2.076923076923077,True,length>=2x;unique-longest-correct;repeated-option-set,"Q286,Q287,Q288,Q289,Q290,Q291"
before,Q288,L21,L21104,多模態對齊,D,17/20/15/36,2.076923076923077,True,length>=2x;unique-longest-correct;repeated-option-set,"Q286,Q287,Q288,Q289,Q290,Q291"
before,Q289,L21,L21104,多模態對齊,D,20/17/15/36,2.076923076923077,True,length>=2x;unique-longest-correct;repeated-option-set,"Q286,Q287,Q288,Q289,Q290,Q291"
before,Q290,L21,L21104,多模態對齊,C,20/15/36/17,2.076923076923077,True,length>=2x;unique-longest-correct;repeated-option-set,"Q286,Q287,Q288,Q289,Q290,Q291"
before,Q291,L21,L21104,多模態對齊,C,15/17/36/20,2.076923076923077,True,length>=2x;unique-longest-correct;repeated-option-set,"Q286,Q287,Q288,Q289,Q290,Q291"
before,Q292,L21,L21201,技術與商業可行性,C,16/16/33/21,1.8679245283018866,True,unique-longest-correct;repeated-option-set,"Q292,Q293,Q294,Q295,Q296,Q297"
before,Q293,L21,L21201,技術與商業可行性,A,33/16/21/16,1.8679245283018866,True,unique-longest-correct;repeated-option-set,"Q292,Q293,Q294,Q295,Q296,Q297"
before,Q294,L21,L21201,技術與商業可行性,B,16/33/16/21,1.8679245283018866,True,unique-longest-correct;repeated-option-set,"Q292,Q293,Q294,Q295,Q296,Q297"
before,Q295,L21,L21201,技術與商業可行性,C,16/21/33/16,1.8679245283018866,True,unique-longest-correct;repeated-option-set,"Q292,Q293,Q294,Q295,Q296,Q297"
before,Q296,L21,L21201,技術與商業可行性,D,21/16/16/33,1.8679245283018866,True,unique-longest-correct;repeated-option-set,"Q292,Q293,Q294,Q295,Q296,Q297"
before,Q297,L21,L21201,技術與商業可行性,C,16/16/33/21,1.8679245283018866,True,unique-longest-correct;repeated-option-set,"Q292,Q293,Q294,Q295,Q296,Q297"
before,Q298,L21,L21202,MLOps 生命週期,D,15/12/13/35,2.625,True,length>=2x;unique-longest-correct;repeated-option-set,"Q298,Q299,Q300,Q301,Q302,Q303"
before,Q299,L21,L21202,MLOps 生命週期,B,12/35/13/15,2.625,True,length>=2x;unique-longest-correct;repeated-option-set,"Q298,Q299,Q300,Q301,Q302,Q303"
before,Q300,L21,L21202,MLOps 生命週期,D,13/15/12/35,2.625,True,length>=2x;unique-longest-correct;repeated-option-set,"Q298,Q299,Q300,Q301,Q302,Q303"
before,Q301,L21,L21202,MLOps 生命週期,C,12/13/35/15,2.625,True,length>=2x;unique-longest-correct;repeated-option-set,"Q298,Q299,Q300,Q301,Q302,Q303"
before,Q302,L21,L21202,MLOps 生命週期,B,12/35/15/13,2.625,True,length>=2x;unique-longest-correct;repeated-option-set,"Q298,Q299,Q300,Q301,Q302,Q303"
before,Q303,L21,L21202,MLOps 生命週期,B,13/35/12/15,2.625,True,length>=2x;unique-longest-correct;repeated-option-set,"Q298,Q299,Q300,Q301,Q302,Q303"
before,Q304,L21,L21302,線上／批次部署,A,31/10/13/13,2.5833333333333335,True,length>=2x;unique-longest-correct;repeated-option-set,"Q304,Q305,Q306,Q307,Q308,Q309"
before,Q305,L21,L21302,線上／批次部署,A,31/10/13/13,2.5833333333333335,True,length>=2x;unique-longest-correct;repeated-option-set,"Q304,Q305,Q306,Q307,Q308,Q309"
before,Q306,L21,L21302,線上／批次部署,B,13/31/13/10,2.5833333333333335,True,length>=2x;unique-longest-correct;repeated-option-set,"Q304,Q305,Q306,Q307,Q308,Q309"
before,Q307,L21,L21302,線上／批次部署,D,10/13/13/31,2.5833333333333335,True,length>=2x;unique-longest-correct;repeated-option-set,"Q304,Q305,Q306,Q307,Q308,Q309"
before,Q308,L21,L21302,線上／批次部署,C,13/13/31/10,2.5833333333333335,True,length>=2x;unique-longest-correct;repeated-option-set,"Q304,Q305,Q306,Q307,Q308,Q309"
before,Q309,L21,L21302,線上／批次部署,D,13/13/10/31,2.5833333333333335,True,length>=2x;unique-longest-correct;repeated-option-set,"Q304,Q305,Q306,Q307,Q308,Q309"
before,Q310,L21,L21203,Data / Concept Drift,D,13/12/21/36,2.3478260869565215,True,length>=2x;unique-longest-correct;repeated-option-set,"Q310,Q311,Q312,Q313,Q314,Q315"
before,Q311,L21,L21203,Data / Concept Drift,D,12/21/13/36,2.3478260869565215,True,length>=2x;unique-longest-correct;repeated-option-set,"Q310,Q311,Q312,Q313,Q314,Q315"
before,Q312,L21,L21203,Data / Concept Drift,B,12/36/21/13,2.3478260869565215,True,length>=2x;unique-longest-correct;repeated-option-set,"Q310,Q311,Q312,Q313,Q314,Q315"
before,Q313,L21,L21203,Data / Concept Drift,A,36/13/21/12,2.3478260869565215,True,length>=2x;unique-longest-correct;repeated-option-set,"Q310,Q311,Q312,Q313,Q314,Q315"
before,Q314,L21,L21203,Data / Concept Drift,B,21/36/12/13,2.3478260869565215,True,length>=2x;unique-longest-correct;repeated-option-set,"Q310,Q311,Q312,Q313,Q314,Q315"
before,Q315,L21,L21203,Data / Concept Drift,B,12/36/21/13,2.3478260869565215,True,length>=2x;unique-longest-correct;repeated-option-set,"Q310,Q311,Q312,Q313,Q314,Q315"
before,Q316,L21,L21302,A/B 與 Shadow Deployment,A,43/18/10/30,2.224137931034483,True,length>=2x;unique-longest-correct;repeated-option-set,"Q316,Q317,Q318,Q319,Q320,Q321"
before,Q317,L21,L21302,A/B 與 Shadow Deployment,B,30/43/10/18,2.224137931034483,True,length>=2x;unique-longest-correct;repeated-option-set,"Q316,Q317,Q318,Q319,Q320,Q321"
before,Q318,L21,L21302,A/B 與 Shadow Deployment,D,30/18/10/43,2.224137931034483,True,length>=2x;unique-longest-correct;repeated-option-set,"Q316,Q317,Q318,Q319,Q320,Q321"
before,Q319,L21,L21302,A/B 與 Shadow Deployment,A,43/10/30/18,2.224137931034483,True,length>=2x;unique-longest-correct;repeated-option-set,"Q316,Q317,Q318,Q319,Q320,Q321"
before,Q320,L21,L21302,A/B 與 Shadow Deployment,A,43/18/10/30,2.224137931034483,True,length>=2x;unique-longest-correct;repeated-option-set,"Q316,Q317,Q318,Q319,Q320,Q321"
before,Q321,L21,L21302,A/B 與 Shadow Deployment,A,43/18/30/10,2.224137931034483,True,length>=2x;unique-longest-correct;repeated-option-set,"Q316,Q317,Q318,Q319,Q320,Q321"
before,Q322,L21,L21203,Prompt Injection 防護,B,25/41/17/15,2.1578947368421053,True,length>=2x;unique-longest-correct;repeated-option-set,"Q322,Q323,Q324,Q325,Q326,Q327"
before,Q323,L21,L21203,Prompt Injection 防護,D,15/17/25/41,2.1578947368421053,True,length>=2x;unique-longest-correct;repeated-option-set,"Q322,Q323,Q324,Q325,Q326,Q327"
before,Q324,L21,L21203,Prompt Injection 防護,C,25/15/41/17,2.1578947368421053,True,length>=2x;unique-longest-correct;repeated-option-set,"Q322,Q323,Q324,Q325,Q326,Q327"
before,Q325,L21,L21203,Prompt Injection 防護,A,41/25/17/15,2.1578947368421053,True,length>=2x;unique-longest-correct;repeated-option-set,"Q322,Q323,Q324,Q325,Q326,Q327"
before,Q326,L21,L21203,Prompt Injection 防護,A,41/15/17/25,2.1578947368421053,True,length>=2x;unique-longest-correct;repeated-option-set,"Q322,Q323,Q324,Q325,Q326,Q327"
before,Q327,L21,L21203,Prompt Injection 防護,B,15/41/17/25,2.1578947368421053,True,length>=2x;unique-longest-correct;repeated-option-set,"Q322,Q323,Q324,Q325,Q326,Q327"
before,Q328,L21,L21203,Human-in-the-loop 風險分級,C,16/16/34/13,2.2666666666666666,True,length>=2x;unique-longest-correct;repeated-option-set,"Q328,Q329,Q330,Q331,Q332,Q333"
before,Q329,L21,L21203,Human-in-the-loop 風險分級,A,34/16/13/16,2.2666666666666666,True,length>=2x;unique-longest-correct;repeated-option-set,"Q328,Q329,Q330,Q331,Q332,Q333"
before,Q330,L21,L21203,Human-in-the-loop 風險分級,A,34/16/13/16,2.2666666666666666,True,length>=2x;unique-longest-correct;repeated-option-set,"Q328,Q329,Q330,Q331,Q332,Q333"
before,Q331,L21,L21203,Human-in-the-loop 風險分級,C,16/16/34/13,2.2666666666666666,True,length>=2x;unique-longest-correct;repeated-option-set,"Q328,Q329,Q330,Q331,Q332,Q333"
before,Q332,L21,L21203,Human-in-the-loop 風險分級,A,34/16/13/16,2.2666666666666666,True,length>=2x;unique-longest-correct;repeated-option-set,"Q328,Q329,Q330,Q331,Q332,Q333"
before,Q333,L21,L21203,Human-in-the-loop 風險分級,D,16/13/16/34,2.2666666666666666,True,length>=2x;unique-longest-correct;repeated-option-set,"Q328,Q329,Q330,Q331,Q332,Q333"
before,Q334,L21,L21103,LLM 評測資料集,A,40/10/6/23,3.076923076923077,True,length>=3x;unique-longest-correct;repeated-option-set,"Q334,Q335,Q336,Q337,Q338,Q339"
before,Q335,L21,L21103,LLM 評測資料集,D,6/23/10/40,3.076923076923077,True,length>=3x;unique-longest-correct;repeated-option-set,"Q334,Q335,Q336,Q337,Q338,Q339"
before,Q336,L21,L21103,LLM 評測資料集,A,40/10/6/23,3.076923076923077,True,length>=3x;unique-longest-correct;repeated-option-set,"Q334,Q335,Q336,Q337,Q338,Q339"
before,Q337,L21,L21103,LLM 評測資料集,C,6/10/40/23,3.076923076923077,True,length>=3x;unique-longest-correct;repeated-option-set,"Q334,Q335,Q336,Q337,Q338,Q339"
before,Q338,L21,L21103,LLM 評測資料集,A,40/23/10/6,3.076923076923077,True,length>=3x;unique-longest-correct;repeated-option-set,"Q334,Q335,Q336,Q337,Q338,Q339"
before,Q339,L21,L21103,LLM 評測資料集,C,23/6/40/10,3.076923076923077,True,length>=3x;unique-longest-correct;repeated-option-set,"Q334,Q335,Q336,Q337,Q338,Q339"
before,Q340,L22,L22101,Percentile / IQR,D,11/12/9/36,3.375,True,length>=3x;unique-longest-correct;repeated-option-set,"Q340,Q341,Q342,Q343,Q344,Q345"
before,Q341,L22,L22101,Percentile / IQR,B,9/36/11/12,3.375,True,length>=3x;unique-longest-correct;repeated-option-set,"Q340,Q341,Q342,Q343,Q344,Q345"
before,Q342,L22,L22101,Percentile / IQR,A,36/11/12/9,3.375,True,length>=3x;unique-longest-correct;repeated-option-set,"Q340,Q341,Q342,Q343,Q344,Q345"
before,Q343,L22,L22101,Percentile / IQR,B,9/36/11/12,3.375,True,length>=3x;unique-longest-correct;repeated-option-set,"Q340,Q341,Q342,Q343,Q344,Q345"
before,Q344,L22,L22101,Percentile / IQR,B,11/36/12/9,3.375,True,length>=3x;unique-longest-correct;repeated-option-set,"Q340,Q341,Q342,Q343,Q344,Q345"
before,Q345,L22,L22101,Percentile / IQR,D,11/12/9/36,3.375,True,length>=3x;unique-longest-correct;repeated-option-set,"Q340,Q341,Q342,Q343,Q344,Q345"
before,Q346,L22,L22102,Binomial / Poisson,B,10/47/17/17,3.2045454545454546,True,length>=3x;unique-longest-correct;repeated-option-set,"Q346,Q347,Q348,Q349,Q350,Q351"
before,Q347,L22,L22102,Binomial / Poisson,A,47/17/10/17,3.2045454545454546,True,length>=3x;unique-longest-correct;repeated-option-set,"Q346,Q347,Q348,Q349,Q350,Q351"
before,Q348,L22,L22102,Binomial / Poisson,B,17/47/10/17,3.2045454545454546,True,length>=3x;unique-longest-correct;repeated-option-set,"Q346,Q347,Q348,Q349,Q350,Q351"
before,Q349,L22,L22102,Binomial / Poisson,C,17/17/47/10,3.2045454545454546,True,length>=3x;unique-longest-correct;repeated-option-set,"Q346,Q347,Q348,Q349,Q350,Q351"
before,Q350,L22,L22102,Binomial / Poisson,C,10/17/47/17,3.2045454545454546,True,length>=3x;unique-longest-correct;repeated-option-set,"Q346,Q347,Q348,Q349,Q350,Q351"
before,Q351,L22,L22102,Binomial / Poisson,C,17/17/47/10,3.2045454545454546,True,length>=3x;unique-longest-correct;repeated-option-set,"Q346,Q347,Q348,Q349,Q350,Q351"
before,Q352,L22,L22103,信賴區間,D,13/12/29/32,1.7777777777777777,True,unique-longest-correct;repeated-option-set,"Q352,Q353,Q354,Q355,Q356,Q357"
before,Q353,L22,L22103,信賴區間,A,32/13/12/29,1.7777777777777777,True,unique-longest-correct;repeated-option-set,"Q352,Q353,Q354,Q355,Q356,Q357"
before,Q354,L22,L22103,信賴區間,D,13/12/29/32,1.7777777777777777,True,unique-longest-correct;repeated-option-set,"Q352,Q353,Q354,Q355,Q356,Q357"
before,Q355,L22,L22103,信賴區間,C,12/13/32/29,1.7777777777777777,True,unique-longest-correct;repeated-option-set,"Q352,Q353,Q354,Q355,Q356,Q357"
before,Q356,L22,L22103,信賴區間,D,12/29/13/32,1.7777777777777777,True,unique-longest-correct;repeated-option-set,"Q352,Q353,Q354,Q355,Q356,Q357"
before,Q357,L22,L22103,信賴區間,B,13/32/12/29,1.7777777777777777,True,unique-longest-correct;repeated-option-set,"Q352,Q353,Q354,Q355,Q356,Q357"
before,Q358,L22,L22103,Type I / Type II Error,A,32/19/11/13,2.2325581395348837,True,length>=2x;unique-longest-correct;repeated-option-set,"Q358,Q359,Q360,Q361,Q362,Q363"
before,Q359,L22,L22103,Type I / Type II Error,A,32/13/19/11,2.2325581395348837,True,length>=2x;unique-longest-correct;repeated-option-set,"Q358,Q359,Q360,Q361,Q362,Q363"
before,Q360,L22,L22103,Type I / Type II Error,D,13/19/11/32,2.2325581395348837,True,length>=2x;unique-longest-correct;repeated-option-set,"Q358,Q359,Q360,Q361,Q362,Q363"
before,Q361,L22,L22103,Type I / Type II Error,D,11/13/19/32,2.2325581395348837,True,length>=2x;unique-longest-correct;repeated-option-set,"Q358,Q359,Q360,Q361,Q362,Q363"
before,Q362,L22,L22103,Type I / Type II Error,C,19/11/32/13,2.2325581395348837,True,length>=2x;unique-longest-correct;repeated-option-set,"Q358,Q359,Q360,Q361,Q362,Q363"
before,Q363,L22,L22103,Type I / Type II Error,A,32/19/13/11,2.2325581395348837,True,length>=2x;unique-longest-correct;repeated-option-set,"Q358,Q359,Q360,Q361,Q362,Q363"
before,Q364,L22,L22202,NoSQL 選型,C,20/22/58/19,2.8524590163934427,True,length>=2x;unique-longest-correct;repeated-option-set,"Q364,Q365,Q366,Q367,Q368,Q369"
before,Q365,L22,L22202,NoSQL 選型,D,22/20/19/58,2.8524590163934427,True,length>=2x;unique-longest-correct;repeated-option-set,"Q364,Q365,Q366,Q367,Q368,Q369"
before,Q366,L22,L22202,NoSQL 選型,C,20/19/58/22,2.8524590163934427,True,length>=2x;unique-longest-correct;repeated-option-set,"Q364,Q365,Q366,Q367,Q368,Q369"
before,Q367,L22,L22202,NoSQL 選型,C,20/22/58/19,2.8524590163934427,True,length>=2x;unique-longest-correct;repeated-option-set,"Q364,Q365,Q366,Q367,Q368,Q369"
before,Q368,L22,L22202,NoSQL 選型,D,20/19/22/58,2.8524590163934427,True,length>=2x;unique-longest-correct;repeated-option-set,"Q364,Q365,Q366,Q367,Q368,Q369"
before,Q369,L22,L22202,NoSQL 選型,D,19/20/22/58,2.8524590163934427,True,length>=2x;unique-longest-correct;repeated-option-set,"Q364,Q365,Q366,Q367,Q368,Q369"
before,Q370,L22,L22202,Lakehouse,C,26/25/51/20,2.1549295774647885,True,length>=2x;unique-longest-correct;repeated-option-set,"Q370,Q371,Q372,Q373,Q374,Q375"
before,Q371,L22,L22202,Lakehouse,D,26/20/25/51,2.1549295774647885,True,length>=2x;unique-longest-correct;repeated-option-set,"Q370,Q371,Q372,Q373,Q374,Q375"
before,Q372,L22,L22202,Lakehouse,D,25/20/26/51,2.1549295774647885,True,length>=2x;unique-longest-correct;repeated-option-set,"Q370,Q371,Q372,Q373,Q374,Q375"
before,Q373,L22,L22202,Lakehouse,A,51/25/20/26,2.1549295774647885,True,length>=2x;unique-longest-correct;repeated-option-set,"Q370,Q371,Q372,Q373,Q374,Q375"
before,Q374,L22,L22202,Lakehouse,D,25/20/26/51,2.1549295774647885,True,length>=2x;unique-longest-correct;repeated-option-set,"Q370,Q371,Q372,Q373,Q374,Q375"
before,Q375,L22,L22202,Lakehouse,B,26/51/25/20,2.1549295774647885,True,length>=2x;unique-longest-correct;repeated-option-set,"Q370,Q371,Q372,Q373,Q374,Q375"
before,Q376,L22,L22203,Spark 與記憶體運算,A,37/12/20/15,2.3617021276595747,True,length>=2x;unique-longest-correct;repeated-option-set,"Q376,Q377,Q378,Q379,Q380,Q381"
before,Q377,L22,L22203,Spark 與記憶體運算,B,20/37/15/12,2.3617021276595747,True,length>=2x;unique-longest-correct;repeated-option-set,"Q376,Q377,Q378,Q379,Q380,Q381"
before,Q378,L22,L22203,Spark 與記憶體運算,A,37/12/15/20,2.3617021276595747,True,length>=2x;unique-longest-correct;repeated-option-set,"Q376,Q377,Q378,Q379,Q380,Q381"
before,Q379,L22,L22203,Spark 與記憶體運算,A,37/15/20/12,2.3617021276595747,True,length>=2x;unique-longest-correct;repeated-option-set,"Q376,Q377,Q378,Q379,Q380,Q381"
before,Q380,L22,L22203,Spark 與記憶體運算,D,20/15/12/37,2.3617021276595747,True,length>=2x;unique-longest-correct;repeated-option-set,"Q376,Q377,Q378,Q379,Q380,Q381"
before,Q381,L22,L22203,Spark 與記憶體運算,B,20/37/12/15,2.3617021276595747,True,length>=2x;unique-longest-correct;repeated-option-set,"Q376,Q377,Q378,Q379,Q380,Q381"
before,Q382,L22,L22203,Exactly-once / Idempotency,C,32/19/39/14,1.7999999999999998,True,unique-longest-correct;repeated-option-set,"Q382,Q383,Q384,Q385,Q386,Q387"
before,Q383,L22,L22203,Exactly-once / Idempotency,C,19/32/39/14,1.7999999999999998,True,unique-longest-correct;repeated-option-set,"Q382,Q383,Q384,Q385,Q386,Q387"
before,Q384,L22,L22203,Exactly-once / Idempotency,C,32/19/39/14,1.7999999999999998,True,unique-longest-correct;repeated-option-set,"Q382,Q383,Q384,Q385,Q386,Q387"
before,Q385,L22,L22203,Exactly-once / Idempotency,A,39/14/19/32,1.7999999999999998,True,unique-longest-correct;repeated-option-set,"Q382,Q383,Q384,Q385,Q386,Q387"
before,Q386,L22,L22203,Exactly-once / Idempotency,A,39/14/32/19,1.7999999999999998,True,unique-longest-correct;repeated-option-set,"Q382,Q383,Q384,Q385,Q386,Q387"
before,Q387,L22,L22203,Exactly-once / Idempotency,D,19/14/32/39,1.7999999999999998,True,unique-longest-correct;repeated-option-set,"Q382,Q383,Q384,Q385,Q386,Q387"
before,Q388,L22,L22302,時間序列切分,D,16/10/21/53,3.3829787234042556,True,length>=3x;unique-longest-correct;repeated-option-set,"Q388,Q389,Q390,Q391,Q392,Q393"
before,Q389,L22,L22302,時間序列切分,D,10/21/16/53,3.3829787234042556,True,length>=3x;unique-longest-correct;repeated-option-set,"Q388,Q389,Q390,Q391,Q392,Q393"
before,Q390,L22,L22302,時間序列切分,B,21/53/10/16,3.3829787234042556,True,length>=3x;unique-longest-correct;repeated-option-set,"Q388,Q389,Q390,Q391,Q392,Q393"
before,Q391,L22,L22302,時間序列切分,C,10/21/53/16,3.3829787234042556,True,length>=3x;unique-longest-correct;repeated-option-set,"Q388,Q389,Q390,Q391,Q392,Q393"
before,Q392,L22,L22302,時間序列切分,C,21/16/53/10,3.3829787234042556,True,length>=3x;unique-longest-correct;repeated-option-set,"Q388,Q389,Q390,Q391,Q392,Q393"
before,Q393,L22,L22302,時間序列切分,D,10/21/16/53,3.3829787234042556,True,length>=3x;unique-longest-correct;repeated-option-set,"Q388,Q389,Q390,Q391,Q392,Q393"
before,Q394,L22,L22303,視覺化誠信,D,8/17/13/31,2.447368421052632,True,length>=2x;unique-longest-correct;repeated-option-set,"Q394,Q395,Q396,Q397,Q398,Q399"
before,Q395,L22,L22303,視覺化誠信,D,17/8/13/31,2.447368421052632,True,length>=2x;unique-longest-correct;repeated-option-set,"Q394,Q395,Q396,Q397,Q398,Q399"
before,Q396,L22,L22303,視覺化誠信,A,31/13/8/17,2.447368421052632,True,length>=2x;unique-longest-correct;repeated-option-set,"Q394,Q395,Q396,Q397,Q398,Q399"
before,Q397,L22,L22303,視覺化誠信,C,17/8/31/13,2.447368421052632,True,length>=2x;unique-longest-correct;repeated-option-set,"Q394,Q395,Q396,Q397,Q398,Q399"
before,Q398,L22,L22303,視覺化誠信,B,17/31/13/8,2.447368421052632,True,length>=2x;unique-longest-correct;repeated-option-set,"Q394,Q395,Q396,Q397,Q398,Q399"
before,Q399,L22,L22303,視覺化誠信,D,13/8/17/31,2.447368421052632,True,length>=2x;unique-longest-correct;repeated-option-set,"Q394,Q395,Q396,Q397,Q398,Q399"
before,Q400,L22,L22404,K-anonymity 與差分隱私,A,43/24/14/9,2.74468085106383,True,length>=2x;unique-longest-correct;repeated-option-set,"Q400,Q401,Q402,Q403,Q404,Q405"
before,Q401,L22,L22404,K-anonymity 與差分隱私,A,43/14/24/9,2.74468085106383,True,length>=2x;unique-longest-correct;repeated-option-set,"Q400,Q401,Q402,Q403,Q404,Q405"
before,Q402,L22,L22404,K-anonymity 與差分隱私,A,43/14/24/9,2.74468085106383,True,length>=2x;unique-longest-correct;repeated-option-set,"Q400,Q401,Q402,Q403,Q404,Q405"
before,Q403,L22,L22404,K-anonymity 與差分隱私,C,9/14/43/24,2.74468085106383,True,length>=2x;unique-longest-correct;repeated-option-set,"Q400,Q401,Q402,Q403,Q404,Q405"
before,Q404,L22,L22404,K-anonymity 與差分隱私,C,14/9/43/24,2.74468085106383,True,length>=2x;unique-longest-correct;repeated-option-set,"Q400,Q401,Q402,Q403,Q404,Q405"
before,Q405,L22,L22404,K-anonymity 與差分隱私,D,24/9/14/43,2.74468085106383,True,length>=2x;unique-longest-correct;repeated-option-set,"Q400,Q401,Q402,Q403,Q404,Q405"
before,Q406,L23,L23101,Conditional Probability,A,24/11/16/15,1.7142857142857142,True,unique-longest-correct;repeated-option-set,"Q406,Q407,Q408,Q409,Q410,Q411"
before,Q407,L23,L23101,Conditional Probability,A,24/15/11/16,1.7142857142857142,True,unique-longest-correct;repeated-option-set,"Q406,Q407,Q408,Q409,Q410,Q411"
before,Q408,L23,L23101,Conditional Probability,D,15/11/16/24,1.7142857142857142,True,unique-longest-correct;repeated-option-set,"Q406,Q407,Q408,Q409,Q410,Q411"
before,Q409,L23,L23101,Conditional Probability,A,24/16/11/15,1.7142857142857142,True,unique-longest-correct;repeated-option-set,"Q406,Q407,Q408,Q409,Q410,Q411"
before,Q410,L23,L23101,Conditional Probability,D,15/11/16/24,1.7142857142857142,True,unique-longest-correct;repeated-option-set,"Q406,Q407,Q408,Q409,Q410,Q411"
before,Q411,L23,L23101,Conditional Probability,A,24/16/15/11,1.7142857142857142,True,unique-longest-correct;repeated-option-set,"Q406,Q407,Q408,Q409,Q410,Q411"
before,Q412,L23,L23102,Dot Product / Cosine,C,17/28/41/7,2.3653846153846154,True,length>=2x;unique-longest-correct;repeated-option-set,"Q412,Q413,Q414,Q415,Q416,Q417"
before,Q413,L23,L23102,Dot Product / Cosine,C,28/17/41/7,2.3653846153846154,True,length>=2x;unique-longest-correct;repeated-option-set,"Q412,Q413,Q414,Q415,Q416,Q417"
before,Q414,L23,L23102,Dot Product / Cosine,A,41/28/17/7,2.3653846153846154,True,length>=2x;unique-longest-correct;repeated-option-set,"Q412,Q413,Q414,Q415,Q416,Q417"
before,Q415,L23,L23102,Dot Product / Cosine,B,17/41/28/7,2.3653846153846154,True,length>=2x;unique-longest-correct;repeated-option-set,"Q412,Q413,Q414,Q415,Q416,Q417"
before,Q416,L23,L23102,Dot Product / Cosine,B,28/41/17/7,2.3653846153846154,True,length>=2x;unique-longest-correct;repeated-option-set,"Q412,Q413,Q414,Q415,Q416,Q417"
before,Q417,L23,L23102,Dot Product / Cosine,B,28/41/7/17,2.3653846153846154,True,length>=2x;unique-longest-correct;repeated-option-set,"Q412,Q413,Q414,Q415,Q416,Q417"
before,Q418,L23,L23103,Learning Rate,A,32/10/12/12,2.8235294117647056,True,length>=2x;unique-longest-correct;repeated-option-set,"Q418,Q419,Q420,Q421,Q422,Q423"
before,Q419,L23,L23103,Learning Rate,B,10/32/12/12,2.8235294117647056,True,length>=2x;unique-longest-correct;repeated-option-set,"Q418,Q419,Q420,Q421,Q422,Q423"
before,Q420,L23,L23103,Learning Rate,D,10/12/12/32,2.8235294117647056,True,length>=2x;unique-longest-correct;repeated-option-set,"Q418,Q419,Q420,Q421,Q422,Q423"
before,Q421,L23,L23103,Learning Rate,C,12/12/32/10,2.8235294117647056,True,length>=2x;unique-longest-correct;repeated-option-set,"Q418,Q419,Q420,Q421,Q422,Q423"
before,Q422,L23,L23103,Learning Rate,A,32/10/12/12,2.8235294117647056,True,length>=2x;unique-longest-correct;repeated-option-set,"Q418,Q419,Q420,Q421,Q422,Q423"
before,Q423,L23,L23103,Learning Rate,D,12/10/12/32,2.8235294117647056,True,length>=2x;unique-longest-correct;repeated-option-set,"Q418,Q419,Q420,Q421,Q422,Q423"
before,Q424,L23,L23201,L1 / L2 正則化,C,21/21/21/21,1.0,False,,Q424
before,Q425,L23,L23201,L1 / L2 正則化,D,18/14/13/37,2.466666666666667,True,length>=2x;unique-longest-correct;repeated-option-set,"Q425,Q426,Q427,Q428,Q429"
before,Q426,L23,L23201,L1 / L2 正則化,D,13/18/14/37,2.466666666666667,True,length>=2x;unique-longest-correct;repeated-option-set,"Q425,Q426,Q427,Q428,Q429"
before,Q427,L23,L23201,L1 / L2 正則化,A,37/18/13/14,2.466666666666667,True,length>=2x;unique-longest-correct;repeated-option-set,"Q425,Q426,Q427,Q428,Q429"
before,Q428,L23,L23201,L1 / L2 正則化,D,18/13/14/37,2.466666666666667,True,length>=2x;unique-longest-correct;repeated-option-set,"Q425,Q426,Q427,Q428,Q429"
before,Q429,L23,L23201,L1 / L2 正則化,C,13/14/37/18,2.466666666666667,True,length>=2x;unique-longest-correct;repeated-option-set,"Q425,Q426,Q427,Q428,Q429"
before,Q430,L23,L23202,SVM Kernel,C,14/19/45/10,3.13953488372093,True,length>=3x;unique-longest-correct;repeated-option-set,"Q430,Q431,Q432,Q433,Q434,Q435"
before,Q431,L23,L23202,SVM Kernel,D,19/10/14/45,3.13953488372093,True,length>=3x;unique-longest-correct;repeated-option-set,"Q430,Q431,Q432,Q433,Q434,Q435"
before,Q432,L23,L23202,SVM Kernel,C,19/10/45/14,3.13953488372093,True,length>=3x;unique-longest-correct;repeated-option-set,"Q430,Q431,Q432,Q433,Q434,Q435"
before,Q433,L23,L23202,SVM Kernel,D,19/14/10/45,3.13953488372093,True,length>=3x;unique-longest-correct;repeated-option-set,"Q430,Q431,Q432,Q433,Q434,Q435"
before,Q434,L23,L23202,SVM Kernel,D,10/14/19/45,3.13953488372093,True,length>=3x;unique-longest-correct;repeated-option-set,"Q430,Q431,Q432,Q433,Q434,Q435"
before,Q435,L23,L23202,SVM Kernel,A,45/14/10/19,3.13953488372093,True,length>=3x;unique-longest-correct;repeated-option-set,"Q430,Q431,Q432,Q433,Q434,Q435"
before,Q436,L23,L23202,Gradient Boosting,B,33/44/21/22,1.736842105263158,True,unique-longest-correct;repeated-option-set,"Q436,Q437,Q438,Q439,Q440,Q441"
before,Q437,L23,L23202,Gradient Boosting,C,33/22/44/21,1.736842105263158,True,unique-longest-correct;repeated-option-set,"Q436,Q437,Q438,Q439,Q440,Q441"
before,Q438,L23,L23202,Gradient Boosting,A,44/22/33/21,1.736842105263158,True,unique-longest-correct;repeated-option-set,"Q436,Q437,Q438,Q439,Q440,Q441"
before,Q439,L23,L23202,Gradient Boosting,D,21/22/33/44,1.736842105263158,True,unique-longest-correct;repeated-option-set,"Q436,Q437,Q438,Q439,Q440,Q441"
before,Q440,L23,L23202,Gradient Boosting,A,44/33/22/21,1.736842105263158,True,unique-longest-correct;repeated-option-set,"Q436,Q437,Q438,Q439,Q440,Q441"
before,Q441,L23,L23202,Gradient Boosting,D,21/33/22/44,1.736842105263158,True,unique-longest-correct;repeated-option-set,"Q436,Q437,Q438,Q439,Q440,Q441"
before,Q442,L23,L23203,RNN / LSTM,A,39/12/16/15,2.7209302325581395,True,length>=2x;unique-longest-correct;repeated-option-set,"Q442,Q443,Q444,Q445,Q446,Q447"
before,Q443,L23,L23203,RNN / LSTM,B,15/39/12/16,2.7209302325581395,True,length>=2x;unique-longest-correct;repeated-option-set,"Q442,Q443,Q444,Q445,Q446,Q447"
before,Q444,L23,L23203,RNN / LSTM,D,16/15/12/39,2.7209302325581395,True,length>=2x;unique-longest-correct;repeated-option-set,"Q442,Q443,Q444,Q445,Q446,Q447"
before,Q445,L23,L23203,RNN / LSTM,A,39/12/16/15,2.7209302325581395,True,length>=2x;unique-longest-correct;repeated-option-set,"Q442,Q443,Q444,Q445,Q446,Q447"
before,Q446,L23,L23203,RNN / LSTM,A,39/12/16/15,2.7209302325581395,True,length>=2x;unique-longest-correct;repeated-option-set,"Q442,Q443,Q444,Q445,Q446,Q447"
before,Q447,L23,L23203,RNN / LSTM,C,15/12/39/16,2.7209302325581395,True,length>=2x;unique-longest-correct;repeated-option-set,"Q442,Q443,Q444,Q445,Q446,Q447"
before,Q448,L23,L23301,Target Leakage,A,43/17/21/23,2.1147540983606556,True,length>=2x;unique-longest-correct;repeated-option-set,"Q448,Q449,Q450,Q451,Q452,Q453"
before,Q449,L23,L23301,Target Leakage,A,43/21/23/17,2.1147540983606556,True,length>=2x;unique-longest-correct;repeated-option-set,"Q448,Q449,Q450,Q451,Q452,Q453"
before,Q450,L23,L23301,Target Leakage,C,23/21/43/17,2.1147540983606556,True,length>=2x;unique-longest-correct;repeated-option-set,"Q448,Q449,Q450,Q451,Q452,Q453"
before,Q451,L23,L23301,Target Leakage,D,17/23/21/43,2.1147540983606556,True,length>=2x;unique-longest-correct;repeated-option-set,"Q448,Q449,Q450,Q451,Q452,Q453"
before,Q452,L23,L23301,Target Leakage,D,23/21/17/43,2.1147540983606556,True,length>=2x;unique-longest-correct;repeated-option-set,"Q448,Q449,Q450,Q451,Q452,Q453"
before,Q453,L23,L23301,Target Leakage,C,17/23/43/21,2.1147540983606556,True,length>=2x;unique-longest-correct;repeated-option-set,"Q448,Q449,Q450,Q451,Q452,Q453"
before,Q454,L23,L23301,Feature Scaling,A,38/19/13/19,2.235294117647059,True,length>=2x;unique-longest-correct;repeated-option-set,"Q454,Q455,Q456,Q457,Q458,Q459"
before,Q455,L23,L23301,Feature Scaling,C,19/19/38/13,2.235294117647059,True,length>=2x;unique-longest-correct;repeated-option-set,"Q454,Q455,Q456,Q457,Q458,Q459"
before,Q456,L23,L23301,Feature Scaling,B,19/38/13/19,2.235294117647059,True,length>=2x;unique-longest-correct;repeated-option-set,"Q454,Q455,Q456,Q457,Q458,Q459"
before,Q457,L23,L23301,Feature Scaling,A,38/19/19/13,2.235294117647059,True,length>=2x;unique-longest-correct;repeated-option-set,"Q454,Q455,Q456,Q457,Q458,Q459"
before,Q458,L23,L23301,Feature Scaling,A,38/13/19/19,2.235294117647059,True,length>=2x;unique-longest-correct;repeated-option-set,"Q454,Q455,Q456,Q457,Q458,Q459"
before,Q459,L23,L23301,Feature Scaling,A,38/13/19/19,2.235294117647059,True,length>=2x;unique-longest-correct;repeated-option-set,"Q454,Q455,Q456,Q457,Q458,Q459"
before,Q460,L23,L23303,Stratified CV,A,39/17/37/19,1.6027397260273974,True,unique-longest-correct;repeated-option-set,"Q460,Q461,Q462,Q463,Q464,Q465"
before,Q461,L23,L23303,Stratified CV,A,39/37/17/19,1.6027397260273974,True,unique-longest-correct;repeated-option-set,"Q460,Q461,Q462,Q463,Q464,Q465"
before,Q462,L23,L23303,Stratified CV,A,39/37/19/17,1.6027397260273974,True,unique-longest-correct;repeated-option-set,"Q460,Q461,Q462,Q463,Q464,Q465"
before,Q463,L23,L23303,Stratified CV,C,37/19/39/17,1.6027397260273974,True,unique-longest-correct;repeated-option-set,"Q460,Q461,Q462,Q463,Q464,Q465"
before,Q464,L23,L23303,Stratified CV,C,37/19/39/17,1.6027397260273974,True,unique-longest-correct;repeated-option-set,"Q460,Q461,Q462,Q463,Q464,Q465"
before,Q465,L23,L23303,Stratified CV,B,17/39/19/37,1.6027397260273974,True,unique-longest-correct;repeated-option-set,"Q460,Q461,Q462,Q463,Q464,Q465"
before,Q466,L23,L23303,ROC-AUC / PR-AUC,B,24/64/25/12,3.1475409836065578,True,length>=3x;unique-longest-correct;repeated-option-set,"Q466,Q467,Q468,Q469,Q470,Q471"
before,Q467,L23,L23303,ROC-AUC / PR-AUC,D,12/25/24/64,3.1475409836065578,True,length>=3x;unique-longest-correct;repeated-option-set,"Q466,Q467,Q468,Q469,Q470,Q471"
before,Q468,L23,L23303,ROC-AUC / PR-AUC,A,64/24/25/12,3.1475409836065578,True,length>=3x;unique-longest-correct;repeated-option-set,"Q466,Q467,Q468,Q469,Q470,Q471"
before,Q469,L23,L23303,ROC-AUC / PR-AUC,B,12/64/24/25,3.1475409836065578,True,length>=3x;unique-longest-correct;repeated-option-set,"Q466,Q467,Q468,Q469,Q470,Q471"
before,Q470,L23,L23303,ROC-AUC / PR-AUC,D,24/25/12/64,3.1475409836065578,True,length>=3x;unique-longest-correct;repeated-option-set,"Q466,Q467,Q468,Q469,Q470,Q471"
before,Q471,L23,L23303,ROC-AUC / PR-AUC,A,64/25/24/12,3.1475409836065578,True,length>=3x;unique-longest-correct;repeated-option-set,"Q466,Q467,Q468,Q469,Q470,Q471"
before,Q472,L23,L23304,Early Stopping,B,24/41/25/21,1.7571428571428573,True,unique-longest-correct;repeated-option-set,"Q472,Q473,Q474,Q475,Q476,Q477"
before,Q473,L23,L23304,Early Stopping,C,25/24/41/21,1.7571428571428573,True,unique-longest-correct;repeated-option-set,"Q472,Q473,Q474,Q475,Q476,Q477"
before,Q474,L23,L23304,Early Stopping,C,24/25/41/21,1.7571428571428573,True,unique-longest-correct;repeated-option-set,"Q472,Q473,Q474,Q475,Q476,Q477"
before,Q475,L23,L23304,Early Stopping,A,41/21/24/25,1.7571428571428573,True,unique-longest-correct;repeated-option-set,"Q472,Q473,Q474,Q475,Q476,Q477"
before,Q476,L23,L23304,Early Stopping,C,21/24/41/25,1.7571428571428573,True,unique-longest-correct;repeated-option-set,"Q472,Q473,Q474,Q475,Q476,Q477"
before,Q477,L23,L23304,Early Stopping,B,24/41/21/25,1.7571428571428573,True,unique-longest-correct;repeated-option-set,"Q472,Q473,Q474,Q475,Q476,Q477"
before,Q478,L23,L23402,公平性指標取捨,D,15/18/33/37,1.6818181818181819,True,unique-longest-correct;repeated-option-set,"Q478,Q479,Q480,Q481,Q482,Q483"
before,Q479,L23,L23402,公平性指標取捨,A,37/18/15/33,1.6818181818181819,True,unique-longest-correct;repeated-option-set,"Q478,Q479,Q480,Q481,Q482,Q483"
before,Q480,L23,L23402,公平性指標取捨,B,33/37/15/18,1.6818181818181819,True,unique-longest-correct;repeated-option-set,"Q478,Q479,Q480,Q481,Q482,Q483"
before,Q481,L23,L23402,公平性指標取捨,C,33/15/37/18,1.6818181818181819,True,unique-longest-correct;repeated-option-set,"Q478,Q479,Q480,Q481,Q482,Q483"
before,Q482,L23,L23402,公平性指標取捨,D,15/18/33/37,1.6818181818181819,True,unique-longest-correct;repeated-option-set,"Q478,Q479,Q480,Q481,Q482,Q483"
before,Q483,L23,L23402,公平性指標取捨,C,33/18/37/15,1.6818181818181819,True,unique-longest-correct;repeated-option-set,"Q478,Q479,Q480,Q481,Q482,Q483"
after,Q001,L11,L11101,AI、ML、DL 關係,B,18/30/17/9,2.0454545454545454,True,length>=2x;unique-longest-correct;repeated-option-set,"Q001,Q002,Q003"
after,Q002,L11,L11101,AI、ML、DL 關係,C,18/17/30/9,2.0454545454545454,True,length>=2x;unique-longest-correct;repeated-option-set,"Q001,Q002,Q003"
after,Q003,L11,L11101,AI、ML、DL 關係,D,18/9/17/30,2.0454545454545454,True,length>=2x;unique-longest-correct;repeated-option-set,"Q001,Q002,Q003"
after,Q004,L11,L11102,負責任 AI 治理,B,14/27/14/14,1.9285714285714286,True,unique-longest-correct;repeated-option-set,"Q004,Q005,Q006"
after,Q005,L11,L11102,負責任 AI 治理,D,14/14/14/27,1.9285714285714286,True,unique-longest-correct;repeated-option-set,"Q004,Q005,Q006"
after,Q006,L11,L11102,負責任 AI 治理,A,27/14/14/14,1.9285714285714286,True,unique-longest-correct;repeated-option-set,"Q004,Q005,Q006"
after,Q007,L11,L11201,結構化與非結構化資料,C,6/6/5/5,0.8823529411764706,False,repeated-option-set,"Q007,Q008,Q009"
after,Q008,L11,L11201,結構化與非結構化資料,D,6/5/6/5,0.8823529411764706,False,repeated-option-set,"Q007,Q008,Q009"
after,Q009,L11,L11201,結構化與非結構化資料,A,5/6/5/6,0.8823529411764706,False,repeated-option-set,"Q007,Q008,Q009"
after,Q010,L11,L11202,避免 Data Leakage,C,7/15/29/17,2.230769230769231,True,length>=2x;unique-longest-correct;repeated-option-set,"Q010,Q011,Q012"
after,Q011,L11,L11202,避免 Data Leakage,A,29/15/17/7,2.230769230769231,True,length>=2x;unique-longest-correct;repeated-option-set,"Q010,Q011,Q012"
after,Q012,L11,L11202,避免 Data Leakage,C,17/7/29/15,2.230769230769231,True,length>=2x;unique-longest-correct;repeated-option-set,"Q010,Q011,Q012"
after,Q013,L11,L11203,資料最小化,D,12/11/17/15,1.125,False,repeated-option-set,"Q013,Q014,Q015"
after,Q014,L11,L11203,資料最小化,C,11/17/15/12,1.125,False,repeated-option-set,"Q013,Q014,Q015"
after,Q015,L11,L11203,資料最小化,D,17/11/12/15,1.125,False,repeated-option-set,"Q013,Q014,Q015"
after,Q016,L11,L11301,過擬合,C,2/5/16/17,2.0,False,length>=2x;repeated-option-set,"Q016,Q017,Q018"
after,Q017,L11,L11301,過擬合,D,2/17/5/16,2.0,False,length>=2x;repeated-option-set,"Q016,Q017,Q018"
after,Q018,L11,L11301,過擬合,C,5/2/16/17,2.0,False,length>=2x;repeated-option-set,"Q016,Q017,Q018"
after,Q019,L11,L11302,監督式學習,B,5/5/6/4,1.0,False,repeated-option-set,"Q019,Q020,Q021"
after,Q020,L11,L11302,監督式學習,B,4/5/6/5,1.0,False,repeated-option-set,"Q019,Q020,Q021"
after,Q021,L11,L11302,監督式學習,D,5/6/4/5,1.0,False,repeated-option-set,"Q019,Q020,Q021"
after,Q022,L11,L11401,生成式與鑑別式 AI,D,11/6/13/25,2.5,True,length>=2x;unique-longest-correct;repeated-option-set,"Q022,Q023,Q024"
after,Q023,L11,L11401,生成式與鑑別式 AI,D,13/6/11/25,2.5,True,length>=2x;unique-longest-correct;repeated-option-set,"Q022,Q023,Q024"
after,Q024,L11,L11401,生成式與鑑別式 AI,C,6/13/25/11,2.5,True,length>=2x;unique-longest-correct;repeated-option-set,"Q022,Q023,Q024"
after,Q025,L11,L11402,整合應用,D,12/13/16/24,1.7560975609756098,True,unique-longest-correct;repeated-option-set,"Q025,Q026,Q027"
after,Q026,L11,L11402,整合應用,B,12/24/16/13,1.7560975609756098,True,unique-longest-correct;repeated-option-set,"Q025,Q026,Q027"
after,Q027,L11,L11402,整合應用,B,13/24/16/12,1.7560975609756098,True,unique-longest-correct;repeated-option-set,"Q025,Q026,Q027"
after,Q028,L12,L12101,No Code / Low Code,C,14/22/29/10,1.891304347826087,True,unique-longest-correct;repeated-option-set,"Q028,Q029,Q030"
after,Q029,L12,L12101,No Code / Low Code,D,14/22/10/29,1.891304347826087,True,unique-longest-correct;repeated-option-set,"Q028,Q029,Q030"
after,Q030,L12,L12101,No Code / Low Code,A,29/22/14/10,1.891304347826087,True,unique-longest-correct;repeated-option-set,"Q028,Q029,Q030"
after,Q031,L12,L12102,限制與選型,C,24/18/20/19,0.9836065573770493,False,repeated-option-set,"Q031,Q032,Q033"
after,Q032,L12,L12102,限制與選型,D,18/24/19/20,0.9836065573770493,False,repeated-option-set,"Q031,Q032,Q033"
after,Q033,L12,L12102,限制與選型,C,24/19/20/18,0.9836065573770493,False,repeated-option-set,"Q031,Q032,Q033"
after,Q034,L12,L12201,工具選擇,C,8/15/25/11,2.205882352941176,True,length>=2x;unique-longest-correct;repeated-option-set,"Q034,Q035,Q036"
after,Q035,L12,L12201,工具選擇,C,11/15/25/8,2.205882352941176,True,length>=2x;unique-longest-correct;repeated-option-set,"Q034,Q035,Q036"
after,Q036,L12,L12201,工具選擇,A,25/8/11/15,2.205882352941176,True,length>=2x;unique-longest-correct;repeated-option-set,"Q034,Q035,Q036"
after,Q037,L12,L12202,Prompt 設計,C,15/9/22/10,1.9411764705882353,True,unique-longest-correct;repeated-option-set,"Q037,Q038,Q039"
after,Q038,L12,L12202,Prompt 設計,A,22/9/15/10,1.9411764705882353,True,unique-longest-correct;repeated-option-set,"Q037,Q038,Q039"
after,Q039,L12,L12202,Prompt 設計,A,22/10/15/9,1.9411764705882353,True,unique-longest-correct;repeated-option-set,"Q037,Q038,Q039"
after,Q040,L12,L12301,導入評估,B,8/29/12/14,2.5588235294117645,True,length>=2x;unique-longest-correct;repeated-option-set,"Q040,Q041,Q042"
after,Q041,L12,L12301,導入評估,D,12/8/14/29,2.5588235294117645,True,length>=2x;unique-longest-correct;repeated-option-set,"Q040,Q041,Q042"
after,Q042,L12,L12301,導入評估,B,12/29/14/8,2.5588235294117645,True,length>=2x;unique-longest-correct;repeated-option-set,"Q040,Q041,Q042"
after,Q043,L12,L12302,PoC / Pilot,A,21/13/12/6,2.032258064516129,True,length>=2x;unique-longest-correct;repeated-option-set,"Q043,Q044,Q045"
after,Q044,L12,L12302,PoC / Pilot,D,12/6/13/21,2.032258064516129,True,length>=2x;unique-longest-correct;repeated-option-set,"Q043,Q044,Q045"
after,Q045,L12,L12302,PoC / Pilot,A,21/6/13/12,2.032258064516129,True,length>=2x;unique-longest-correct;repeated-option-set,"Q043,Q044,Q045"
after,Q046,L12,L12303,Prompt Injection,A,10/10/10/10,1.0,False,,Q046
after,Q047,L12,L12303,Prompt Injection,C,13/13/15/14,1.125,True,unique-longest-correct,Q047
after,Q048,L12,L12303,Prompt Injection,D,15/16/16/18,1.148936170212766,True,unique-longest-correct,Q048
after,Q049,L21,L21101,Tokenization / Embedding,D,3/13/7/12,1.5652173913043477,False,repeated-option-set,"Q049,Q050,Q051"
after,Q050,L21,L21101,Tokenization / Embedding,B,7/12/13/3,1.5652173913043477,False,repeated-option-set,"Q049,Q050,Q051"
after,Q051,L21,L21101,Tokenization / Embedding,A,12/3/13/7,1.5652173913043477,False,repeated-option-set,"Q049,Q050,Q051"
after,Q052,L21,L21102,Object Detection,B,14/15/17/19,0.8999999999999999,False,repeated-option-set,"Q052,Q053,Q054"
after,Q053,L21,L21102,Object Detection,A,15/19/17/14,0.8999999999999999,False,repeated-option-set,"Q052,Q053,Q054"
after,Q054,L21,L21102,Object Detection,C,17/19/15/14,0.8999999999999999,False,repeated-option-set,"Q052,Q053,Q054"
after,Q055,L21,L21103,RAG vs Fine-tuning,A,27/26/19/8,1.5283018867924527,True,unique-longest-correct;repeated-option-set,"Q055,Q056,Q057"
after,Q056,L21,L21103,RAG vs Fine-tuning,A,27/8/26/19,1.5283018867924527,True,unique-longest-correct;repeated-option-set,"Q055,Q056,Q057"
after,Q057,L21,L21103,RAG vs Fine-tuning,A,27/8/26/19,1.5283018867924527,True,unique-longest-correct;repeated-option-set,"Q055,Q056,Q057"
after,Q058,L21,L21104,多模態融合,C,14/10/21/8,1.96875,True,unique-longest-correct;repeated-option-set,"Q058,Q059,Q060"
after,Q059,L21,L21104,多模態融合,A,21/10/8/14,1.96875,True,unique-longest-correct;repeated-option-set,"Q058,Q059,Q060"
after,Q060,L21,L21104,多模態融合,D,10/8/14/21,1.96875,True,unique-longest-correct;repeated-option-set,"Q058,Q059,Q060"
after,Q061,L21,L21201,技術可行性評估,C,7/8/30/16,2.9032258064516125,True,length>=2x;unique-longest-correct;repeated-option-set,"Q061,Q062,Q063"
after,Q062,L21,L21201,技術可行性評估,B,7/30/8/16,2.9032258064516125,True,length>=2x;unique-longest-correct;repeated-option-set,"Q061,Q062,Q063"
after,Q063,L21,L21201,技術可行性評估,B,16/30/8/7,2.9032258064516125,True,length>=2x;unique-longest-correct;repeated-option-set,"Q061,Q062,Q063"
after,Q064,L21,L21202,AI 專案規劃,C,11/14/32/17,2.2857142857142856,True,length>=2x;unique-longest-correct;repeated-option-set,"Q064,Q065,Q066"
after,Q065,L21,L21202,AI 專案規劃,D,14/11/17/32,2.2857142857142856,True,length>=2x;unique-longest-correct;repeated-option-set,"Q064,Q065,Q066"
after,Q066,L21,L21202,AI 專案規劃,C,14/11/32/17,2.2857142857142856,True,length>=2x;unique-longest-correct;repeated-option-set,"Q064,Q065,Q066"
after,Q067,L21,L21203,AI 風險管理,C,10/7/27/14,2.6129032258064515,True,length>=2x;unique-longest-correct;repeated-option-set,"Q067,Q068,Q069"
after,Q068,L21,L21203,AI 風險管理,D,14/7/10/27,2.6129032258064515,True,length>=2x;unique-longest-correct;repeated-option-set,"Q067,Q068,Q069"
after,Q069,L21,L21203,AI 風險管理,D,10/14/7/27,2.6129032258064515,True,length>=2x;unique-longest-correct;repeated-option-set,"Q067,Q068,Q069"
after,Q070,L21,L21301,數據準備與模型選擇,C,10/8/31/15,2.8181818181818183,True,length>=2x;unique-longest-correct;repeated-option-set,"Q070,Q071,Q072"
after,Q071,L21,L21301,數據準備與模型選擇,C,15/10/31/8,2.8181818181818183,True,length>=2x;unique-longest-correct;repeated-option-set,"Q070,Q071,Q072"
after,Q072,L21,L21301,數據準備與模型選擇,C,8/10/31/15,2.8181818181818183,True,length>=2x;unique-longest-correct;repeated-option-set,"Q070,Q071,Q072"
after,Q073,L21,L21302,部署與系統集成,A,28/21/6/10,2.27027027027027,True,length>=2x;unique-longest-correct;repeated-option-set,"Q073,Q074,Q075"
after,Q074,L21,L21302,部署與系統集成,A,28/21/10/6,2.27027027027027,True,length>=2x;unique-longest-correct;repeated-option-set,"Q073,Q074,Q075"
after,Q075,L21,L21302,部署與系統集成,A,28/10/21/6,2.27027027027027,True,length>=2x;unique-longest-correct;repeated-option-set,"Q073,Q074,Q075"
after,Q076,L22,L22101,平均數與中位數,B,13/11/9/9,1.064516129032258,False,repeated-option-set,"Q076,Q077,Q078"
after,Q077,L22,L22101,平均數與中位數,D,9/13/9/11,1.064516129032258,False,repeated-option-set,"Q076,Q077,Q078"
after,Q078,L22,L22101,平均數與中位數,C,9/13/11/9,1.064516129032258,False,repeated-option-set,"Q076,Q077,Q078"
after,Q079,L22,L22102,常態分布,B,10/18/9/11,1.8,True,unique-longest-correct;repeated-option-set,"Q079,Q080,Q081"
after,Q080,L22,L22102,常態分布,B,10/18/9/11,1.8,True,unique-longest-correct;repeated-option-set,"Q079,Q080,Q081"
after,Q081,L22,L22102,常態分布,C,11/9/18/10,1.8,True,unique-longest-correct;repeated-option-set,"Q079,Q080,Q081"
after,Q082,L22,L22103,p-value,D,10/8/20/17,1.3421052631578947,False,repeated-option-set,"Q082,Q083,Q084"
after,Q083,L22,L22103,p-value,D,20/10/8/17,1.3421052631578947,False,repeated-option-set,"Q082,Q083,Q084"
after,Q084,L22,L22103,p-value,A,17/10/20/8,1.3421052631578947,False,repeated-option-set,"Q082,Q083,Q084"
after,Q085,L22,L22201,缺失值與異常值,B,20/20/19/19,1.0344827586206897,False,,Q085
after,Q086,L22,L22201,缺失值與異常值,B,18/18/18/18,1.0,False,,Q086
after,Q087,L22,L22201,缺失值與異常值,B,17/18/17/18,1.0384615384615385,False,,Q087
after,Q088,L22,L22202,資料湖與資料倉儲,D,9/10/15/23,2.0294117647058822,True,length>=2x;unique-longest-correct;repeated-option-set,"Q088,Q089,Q090"
after,Q089,L22,L22202,資料湖與資料倉儲,C,15/9/23/10,2.0294117647058822,True,length>=2x;unique-longest-correct;repeated-option-set,"Q088,Q089,Q090"
after,Q090,L22,L22202,資料湖與資料倉儲,D,10/9/15/23,2.0294117647058822,True,length>=2x;unique-longest-correct;repeated-option-set,"Q088,Q089,Q090"
after,Q091,L22,L22203,批次與串流處理,A,23/11/7/8,2.653846153846154,True,length>=2x;unique-longest-correct;repeated-option-set,"Q091,Q092,Q093"
after,Q092,L22,L22203,批次與串流處理,A,23/8/11/7,2.653846153846154,True,length>=2x;unique-longest-correct;repeated-option-set,"Q091,Q092,Q093"
after,Q093,L22,L22203,批次與串流處理,D,8/11/7/23,2.653846153846154,True,length>=2x;unique-longest-correct;repeated-option-set,"Q091,Q092,Q093"
after,Q094,L22,L22301,相關與因果,A,20/13/12/14,1.5384615384615385,True,unique-longest-correct;repeated-option-set,"Q094,Q095,Q096"
after,Q095,L22,L22301,相關與因果,B,12/20/14/13,1.5384615384615385,True,unique-longest-correct;repeated-option-set,"Q094,Q095,Q096"
after,Q096,L22,L22301,相關與因果,D,13/12/14/20,1.5384615384615385,True,unique-longest-correct;repeated-option-set,"Q094,Q095,Q096"
after,Q097,L22,L22302,分群分析,B,6/14/4/5,2.8,True,length>=2x;unique-longest-correct;repeated-option-set,"Q097,Q098,Q099"
after,Q098,L22,L22302,分群分析,A,14/6/4/5,2.8,True,length>=2x;unique-longest-correct;repeated-option-set,"Q097,Q098,Q099"
after,Q099,L22,L22302,分群分析,D,6/5/4/14,2.8,True,length>=2x;unique-longest-correct;repeated-option-set,"Q097,Q098,Q099"
after,Q100,L22,L22303,視覺化選擇,C,10/7/18/12,1.8620689655172415,True,unique-longest-correct;repeated-option-set,"Q100,Q101,Q102"
after,Q101,L22,L22303,視覺化選擇,A,18/12/10/7,1.8620689655172415,True,unique-longest-correct;repeated-option-set,"Q100,Q101,Q102"
after,Q102,L22,L22303,視覺化選擇,B,10/18/12/7,1.8620689655172415,True,unique-longest-correct;repeated-option-set,"Q100,Q101,Q102"
after,Q103,L22,L22401,大數據與模型訓練,D,14/13/11/29,2.2894736842105265,True,length>=2x;unique-longest-correct;repeated-option-set,"Q103,Q104,Q105"
after,Q104,L22,L22401,大數據與模型訓練,A,29/14/11/13,2.2894736842105265,True,length>=2x;unique-longest-correct;repeated-option-set,"Q103,Q104,Q105"
after,Q105,L22,L22401,大數據與模型訓練,A,29/13/14/11,2.2894736842105265,True,length>=2x;unique-longest-correct;repeated-option-set,"Q103,Q104,Q105"
after,Q106,L22,L22402,鑑別式 AI 與大數據,B,6/19/9/9,2.375,True,length>=2x;unique-longest-correct;repeated-option-set,"Q106,Q107,Q108"
after,Q107,L22,L22402,鑑別式 AI 與大數據,B,9/19/6/9,2.375,True,length>=2x;unique-longest-correct;repeated-option-set,"Q106,Q107,Q108"
after,Q108,L22,L22402,鑑別式 AI 與大數據,D,9/9/6/19,2.375,True,length>=2x;unique-longest-correct;repeated-option-set,"Q106,Q107,Q108"
after,Q109,L22,L22403,生成式 AI 資料,D,12/13/13/22,1.736842105263158,True,unique-longest-correct;repeated-option-set,"Q109,Q110,Q111"
after,Q110,L22,L22403,生成式 AI 資料,D,12/13/13/22,1.736842105263158,True,unique-longest-correct;repeated-option-set,"Q109,Q110,Q111"
after,Q111,L22,L22403,生成式 AI 資料,B,13/22/13/12,1.736842105263158,True,unique-longest-correct;repeated-option-set,"Q109,Q110,Q111"
after,Q112,L22,L22404,匿名化與再識別,B,17/17/17/17,1.0,False,,Q112
after,Q113,L22,L22404,匿名化與再識別,D,17/17/17/17,1.0,False,,Q113
after,Q114,L22,L22404,匿名化與再識別,B,20/21/20/20,1.05,True,unique-longest-correct,Q114
after,Q115,L23,L23101,Bayes 定理,C,4/10/7/4,1.1666666666666667,False,repeated-option-set,"Q115,Q116,Q117"
after,Q116,L23,L23101,Bayes 定理,A,7/10/4/4,1.1666666666666667,False,repeated-option-set,"Q115,Q116,Q117"
after,Q117,L23,L23101,Bayes 定理,A,7/4/10/4,1.1666666666666667,False,repeated-option-set,"Q115,Q116,Q117"
after,Q118,L23,L23102,矩陣與向量,D,6/6/5/7,1.2352941176470587,True,unique-longest-correct;repeated-option-set,"Q118,Q119,Q120"
after,Q119,L23,L23102,矩陣與向量,D,6/6/5/7,1.2352941176470587,True,unique-longest-correct;repeated-option-set,"Q118,Q119,Q120"
after,Q120,L23,L23102,矩陣與向量,A,7/5/6/6,1.2352941176470587,True,unique-longest-correct;repeated-option-set,"Q118,Q119,Q120"
after,Q121,L23,L23103,梯度下降,D,7/13/15/21,1.8,True,unique-longest-correct;repeated-option-set,"Q121,Q122,Q123"
after,Q122,L23,L23103,梯度下降,C,15/13/21/7,1.8,True,unique-longest-correct;repeated-option-set,"Q121,Q122,Q123"
after,Q123,L23,L23103,梯度下降,C,7/15/21/13,1.8,True,unique-longest-correct;repeated-option-set,"Q121,Q122,Q123"
after,Q124,L23,L23201,Bias-Variance,D,11/18/8/19,1.5405405405405406,True,unique-longest-correct;repeated-option-set,"Q124,Q125,Q126"
after,Q125,L23,L23201,Bias-Variance,C,18/8/19/11,1.5405405405405406,True,unique-longest-correct;repeated-option-set,"Q124,Q125,Q126"
after,Q126,L23,L23201,Bias-Variance,C,18/11/19/8,1.5405405405405406,True,unique-longest-correct;repeated-option-set,"Q124,Q125,Q126"
after,Q127,L23,L23202,Random Forest,C,21/21/21/22,0.984375,False,,Q127
after,Q128,L23,L23202,Random Forest,B,21/22/21/21,1.0476190476190477,True,unique-longest-correct,Q128
after,Q129,L23,L23202,Random Forest,B,22/23/22/23,1.0298507462686568,False,,Q129
after,Q130,L23,L23203,CNN,B,8/18/9/11,1.9285714285714284,True,unique-longest-correct;repeated-option-set,"Q130,Q131,Q132"
after,Q131,L23,L23203,CNN,D,9/11/8/18,1.9285714285714284,True,unique-longest-correct;repeated-option-set,"Q130,Q131,Q132"
after,Q132,L23,L23203,CNN,D,11/9/8/18,1.9285714285714284,True,unique-longest-correct;repeated-option-set,"Q130,Q131,Q132"
after,Q133,L23,L23301,特徵工程,A,15/15/15/14,1.0227272727272727,False,,Q133
after,Q134,L23,L23301,特徵工程,A,14/15/14/14,0.9767441860465116,False,,Q134
after,Q135,L23,L23301,特徵工程,A,18/19/19/20,0.9310344827586208,False,,Q135
after,Q136,L23,L23302,模型架構選擇,B,22/20/11/8,1.4634146341463414,False,repeated-option-set,"Q136,Q137,Q138"
after,Q137,L23,L23302,模型架構選擇,B,22/20/11/8,1.4634146341463414,False,repeated-option-set,"Q136,Q137,Q138"
after,Q138,L23,L23302,模型架構選擇,B,8/20/11/22,1.4634146341463414,False,repeated-option-set,"Q136,Q137,Q138"
after,Q139,L23,L23303,交叉驗證,A,20/19/19/20,1.0344827586206897,False,,Q139
after,Q140,L23,L23303,交叉驗證,C,13/13/13/14,0.975,False,,Q140
after,Q141,L23,L23303,交叉驗證,C,21/21/22/22,1.03125,False,,Q141
after,Q142,L23,L23304,Hyperparameter Tuning,A,12/11/12/11,1.0588235294117647,False,,Q142
after,Q143,L23,L23304,Hyperparameter Tuning,A,18/19/18/19,0.9642857142857142,False,,Q143
after,Q144,L23,L23304,Hyperparameter Tuning,D,17/17/18/19,1.0961538461538463,True,unique-longest-correct,Q144
after,Q145,L23,L23401,差分隱私,D,13/4/10/25,2.7777777777777777,True,length>=2x;unique-longest-correct;repeated-option-set,"Q145,Q146,Q147"
after,Q146,L23,L23401,差分隱私,B,10/25/13/4,2.7777777777777777,True,length>=2x;unique-longest-correct;repeated-option-set,"Q145,Q146,Q147"
after,Q147,L23,L23401,差分隱私,D,10/13/4/25,2.7777777777777777,True,length>=2x;unique-longest-correct;repeated-option-set,"Q145,Q146,Q147"
after,Q148,L23,L23402,公平性,C,6/12/27/16,2.3823529411764706,True,length>=2x;unique-longest-correct;repeated-option-set,"Q148,Q149,Q150"
after,Q149,L23,L23402,公平性,B,16/27/12/6,2.3823529411764706,True,length>=2x;unique-longest-correct;repeated-option-set,"Q148,Q149,Q150"
after,Q150,L23,L23402,公平性,C,16/12/27/6,2.3823529411764706,True,length>=2x;unique-longest-correct;repeated-option-set,"Q148,Q149,Q150"
after,Q151,L11,L11302,Precision / Recall,B,14/11/3/2,1.736842105263158,False,repeated-option-set,"Q151,Q152,Q153"
after,Q152,L11,L11302,Precision / Recall,D,3/14/2/11,1.736842105263158,False,repeated-option-set,"Q151,Q152,Q153"
after,Q153,L11,L11302,Precision / Recall,A,11/3/2/14,1.736842105263158,False,repeated-option-set,"Q151,Q152,Q153"
after,Q154,L12,L12202,RAG 與向量檢索,C,16/15/16/15,1.0434782608695652,False,,Q154
after,Q155,L12,L12202,RAG 與向量檢索,B,20/20/20/20,1.0,False,,Q155
after,Q156,L12,L12202,RAG 與向量檢索,A,18/18/18/19,0.9818181818181819,False,,Q156
after,Q157,L12,L12202,Function Calling,B,10/20/14/16,1.5,True,unique-longest-correct;repeated-option-set,"Q157,Q158,Q159"
after,Q158,L12,L12202,Function Calling,B,14/20/10/16,1.5,True,unique-longest-correct;repeated-option-set,"Q157,Q158,Q159"
after,Q159,L12,L12202,Function Calling,A,20/16/14/10,1.5,True,unique-longest-correct;repeated-option-set,"Q157,Q158,Q159"
after,Q160,L21,L21103,Attention,A,9/7/7/12,1.0384615384615385,False,repeated-option-set,"Q160,Q161,Q162"
after,Q161,L21,L21103,Attention,C,7/7/9/12,1.0384615384615385,False,repeated-option-set,"Q160,Q161,Q162"
after,Q162,L21,L21103,Attention,C,12/7/9/7,1.0384615384615385,False,repeated-option-set,"Q160,Q161,Q162"
after,Q163,L22,L22101,標準差,B,9/12/12/12,1.0909090909090908,False,,Q163
after,Q164,L22,L22101,標準差,C,5/5/5/5,1.0,False,,Q164
after,Q165,L22,L22101,標準差,D,6/7/7/7,1.05,False,,Q165
after,Q166,L22,L22203,MapReduce,B,15/29/18/18,1.7058823529411764,True,unique-longest-correct;repeated-option-set,"Q166,Q167,Q168"
after,Q167,L22,L22203,MapReduce,B,18/29/15/18,1.7058823529411764,True,unique-longest-correct;repeated-option-set,"Q166,Q167,Q168"
after,Q168,L22,L22203,MapReduce,A,29/18/15/18,1.7058823529411764,True,unique-longest-correct;repeated-option-set,"Q166,Q167,Q168"
after,Q169,L23,L23303,分類評估,A,16/16/16/16,1.0,False,,Q169
after,Q170,L23,L23303,分類評估,B,18/20/19/20,1.0526315789473684,False,,Q170
after,Q171,L23,L23303,分類評估,C,16/14/20/19,1.2244897959183674,True,unique-longest-correct,Q171
after,Q172,L11,L11201,大數據 4V,A,32/22/15/16,1.811320754716981,True,unique-longest-correct;repeated-option-set,"Q172,Q173,Q174,Q175,Q176,Q177"
after,Q173,L11,L11201,大數據 4V,B,15/32/22/16,1.811320754716981,True,unique-longest-correct;repeated-option-set,"Q172,Q173,Q174,Q175,Q176,Q177"
after,Q174,L11,L11201,大數據 4V,D,22/15/16/32,1.811320754716981,True,unique-longest-correct;repeated-option-set,"Q172,Q173,Q174,Q175,Q176,Q177"
after,Q175,L11,L11201,大數據 4V,D,15/16/22/32,1.811320754716981,True,unique-longest-correct;repeated-option-set,"Q172,Q173,Q174,Q175,Q176,Q177"
after,Q176,L11,L11201,大數據 4V,C,22/16/32/15,1.811320754716981,True,unique-longest-correct;repeated-option-set,"Q172,Q173,Q174,Q175,Q176,Q177"
after,Q177,L11,L11201,大數據 4V,D,16/22/15/32,1.811320754716981,True,unique-longest-correct;repeated-option-set,"Q172,Q173,Q174,Q175,Q176,Q177"
after,Q178,L11,L11202,Train/Validation/Test,B,17/33/14/16,2.1063829787234045,True,length>=2x;unique-longest-correct;repeated-option-set,"Q178,Q179,Q180,Q181,Q182,Q183"
after,Q179,L11,L11202,Train/Validation/Test,A,33/16/17/14,2.1063829787234045,True,length>=2x;unique-longest-correct;repeated-option-set,"Q178,Q179,Q180,Q181,Q182,Q183"
after,Q180,L11,L11202,Train/Validation/Test,C,14/17/33/16,2.1063829787234045,True,length>=2x;unique-longest-correct;repeated-option-set,"Q178,Q179,Q180,Q181,Q182,Q183"
after,Q181,L11,L11202,Train/Validation/Test,C,14/17/33/16,2.1063829787234045,True,length>=2x;unique-longest-correct;repeated-option-set,"Q178,Q179,Q180,Q181,Q182,Q183"
after,Q182,L11,L11202,Train/Validation/Test,A,33/14/16/17,2.1063829787234045,True,length>=2x;unique-longest-correct;repeated-option-set,"Q178,Q179,Q180,Q181,Q182,Q183"
after,Q183,L11,L11202,Train/Validation/Test,B,17/33/16/14,2.1063829787234045,True,length>=2x;unique-longest-correct;repeated-option-set,"Q178,Q179,Q180,Q181,Q182,Q183"
after,Q184,L11,L11202,缺失值處理,D,14/9/15/29,2.2894736842105265,True,length>=2x;unique-longest-correct;repeated-option-set,"Q184,Q185,Q186,Q187,Q188,Q189"
after,Q185,L11,L11202,缺失值處理,D,9/14/15/29,2.2894736842105265,True,length>=2x;unique-longest-correct;repeated-option-set,"Q184,Q185,Q186,Q187,Q188,Q189"
after,Q186,L11,L11202,缺失值處理,A,29/15/9/14,2.2894736842105265,True,length>=2x;unique-longest-correct;repeated-option-set,"Q184,Q185,Q186,Q187,Q188,Q189"
after,Q187,L11,L11202,缺失值處理,C,14/9/29/15,2.2894736842105265,True,length>=2x;unique-longest-correct;repeated-option-set,"Q184,Q185,Q186,Q187,Q188,Q189"
after,Q188,L11,L11202,缺失值處理,B,9/29/14/15,2.2894736842105265,True,length>=2x;unique-longest-correct;repeated-option-set,"Q184,Q185,Q186,Q187,Q188,Q189"
after,Q189,L11,L11202,缺失值處理,B,9/29/15/14,2.2894736842105265,True,length>=2x;unique-longest-correct;repeated-option-set,"Q184,Q185,Q186,Q187,Q188,Q189"
after,Q190,L11,L11302,分類與迴歸,D,17/10/19/23,1.5,True,unique-longest-correct;repeated-option-set,"Q190,Q191,Q192,Q193,Q194,Q195"
after,Q191,L11,L11302,分類與迴歸,D,19/17/10/23,1.5,True,unique-longest-correct;repeated-option-set,"Q190,Q191,Q192,Q193,Q194,Q195"
after,Q192,L11,L11302,分類與迴歸,D,19/17/10/23,1.5,True,unique-longest-correct;repeated-option-set,"Q190,Q191,Q192,Q193,Q194,Q195"
after,Q193,L11,L11302,分類與迴歸,B,10/23/19/17,1.5,True,unique-longest-correct;repeated-option-set,"Q190,Q191,Q192,Q193,Q194,Q195"
after,Q194,L11,L11302,分類與迴歸,C,19/10/23/17,1.5,True,unique-longest-correct;repeated-option-set,"Q190,Q191,Q192,Q193,Q194,Q195"
after,Q195,L11,L11302,分類與迴歸,B,10/23/19/17,1.5,True,unique-longest-correct;repeated-option-set,"Q190,Q191,Q192,Q193,Q194,Q195"
after,Q196,L11,L11302,Precision 與 Recall 取捨,B,21/40/15/21,2.1052631578947367,True,length>=2x;unique-longest-correct;repeated-option-set,"Q196,Q197,Q198,Q199,Q200,Q201"
after,Q197,L11,L11302,Precision 與 Recall 取捨,B,21/40/21/15,2.1052631578947367,True,length>=2x;unique-longest-correct;repeated-option-set,"Q196,Q197,Q198,Q199,Q200,Q201"
after,Q198,L11,L11302,Precision 與 Recall 取捨,C,21/15/40/21,2.1052631578947367,True,length>=2x;unique-longest-correct;repeated-option-set,"Q196,Q197,Q198,Q199,Q200,Q201"
after,Q199,L11,L11302,Precision 與 Recall 取捨,B,15/40/21/21,2.1052631578947367,True,length>=2x;unique-longest-correct;repeated-option-set,"Q196,Q197,Q198,Q199,Q200,Q201"
after,Q200,L11,L11302,Precision 與 Recall 取捨,B,15/40/21/21,2.1052631578947367,True,length>=2x;unique-longest-correct;repeated-option-set,"Q196,Q197,Q198,Q199,Q200,Q201"
after,Q201,L11,L11302,Precision 與 Recall 取捨,C,15/21/40/21,2.1052631578947367,True,length>=2x;unique-longest-correct;repeated-option-set,"Q196,Q197,Q198,Q199,Q200,Q201"
after,Q202,L11,L11401,生成模型類型,C,19/15/34/16,2.04,True,length>=2x;unique-longest-correct;repeated-option-set,"Q202,Q203,Q204,Q205,Q206,Q207"
after,Q203,L11,L11401,生成模型類型,D,19/15/16/34,2.04,True,length>=2x;unique-longest-correct;repeated-option-set,"Q202,Q203,Q204,Q205,Q206,Q207"
after,Q204,L11,L11401,生成模型類型,A,34/16/19/15,2.04,True,length>=2x;unique-longest-correct;repeated-option-set,"Q202,Q203,Q204,Q205,Q206,Q207"
after,Q205,L11,L11401,生成模型類型,A,34/19/16/15,2.04,True,length>=2x;unique-longest-correct;repeated-option-set,"Q202,Q203,Q204,Q205,Q206,Q207"
after,Q206,L11,L11401,生成模型類型,C,19/15/34/16,2.04,True,length>=2x;unique-longest-correct;repeated-option-set,"Q202,Q203,Q204,Q205,Q206,Q207"
after,Q207,L11,L11401,生成模型類型,D,16/19/15/34,2.04,True,length>=2x;unique-longest-correct;repeated-option-set,"Q202,Q203,Q204,Q205,Q206,Q207"
after,Q208,L11,L11102,可解釋性與責任,D,16/13/18/27,1.723404255319149,True,unique-longest-correct;repeated-option-set,"Q208,Q209,Q210,Q211,Q212,Q213"
after,Q209,L11,L11102,可解釋性與責任,A,27/16/13/18,1.723404255319149,True,unique-longest-correct;repeated-option-set,"Q208,Q209,Q210,Q211,Q212,Q213"
after,Q210,L11,L11102,可解釋性與責任,C,16/18/27/13,1.723404255319149,True,unique-longest-correct;repeated-option-set,"Q208,Q209,Q210,Q211,Q212,Q213"
after,Q211,L11,L11102,可解釋性與責任,A,27/18/16/13,1.723404255319149,True,unique-longest-correct;repeated-option-set,"Q208,Q209,Q210,Q211,Q212,Q213"
after,Q212,L11,L11102,可解釋性與責任,B,16/27/18/13,1.723404255319149,True,unique-longest-correct;repeated-option-set,"Q208,Q209,Q210,Q211,Q212,Q213"
after,Q213,L11,L11102,可解釋性與責任,D,13/18/16/27,1.723404255319149,True,unique-longest-correct;repeated-option-set,"Q208,Q209,Q210,Q211,Q212,Q213"
after,Q214,L12,L12202,Zero-shot / Few-shot,C,18/22/41/13,2.320754716981132,True,length>=2x;unique-longest-correct;repeated-option-set,"Q214,Q215,Q216,Q217,Q218,Q219"
after,Q215,L12,L12202,Zero-shot / Few-shot,B,13/41/22/18,2.320754716981132,True,length>=2x;unique-longest-correct;repeated-option-set,"Q214,Q215,Q216,Q217,Q218,Q219"
after,Q216,L12,L12202,Zero-shot / Few-shot,C,18/22/41/13,2.320754716981132,True,length>=2x;unique-longest-correct;repeated-option-set,"Q214,Q215,Q216,Q217,Q218,Q219"
after,Q217,L12,L12202,Zero-shot / Few-shot,A,41/13/18/22,2.320754716981132,True,length>=2x;unique-longest-correct;repeated-option-set,"Q214,Q215,Q216,Q217,Q218,Q219"
after,Q218,L12,L12202,Zero-shot / Few-shot,C,22/18/41/13,2.320754716981132,True,length>=2x;unique-longest-correct;repeated-option-set,"Q214,Q215,Q216,Q217,Q218,Q219"
after,Q219,L12,L12202,Zero-shot / Few-shot,B,18/41/22/13,2.320754716981132,True,length>=2x;unique-longest-correct;repeated-option-set,"Q214,Q215,Q216,Q217,Q218,Q219"
after,Q220,L12,L12202,Temperature,C,23/23/38/20,1.7272727272727273,True,unique-longest-correct;repeated-option-set,"Q220,Q221,Q222,Q223,Q224,Q225"
after,Q221,L12,L12202,Temperature,A,38/20/23/23,1.7272727272727273,True,unique-longest-correct;repeated-option-set,"Q220,Q221,Q222,Q223,Q224,Q225"
after,Q222,L12,L12202,Temperature,C,20/23/38/23,1.7272727272727273,True,unique-longest-correct;repeated-option-set,"Q220,Q221,Q222,Q223,Q224,Q225"
after,Q223,L12,L12202,Temperature,A,38/20/23/23,1.7272727272727273,True,unique-longest-correct;repeated-option-set,"Q220,Q221,Q222,Q223,Q224,Q225"
after,Q224,L12,L12202,Temperature,D,23/23/20/38,1.7272727272727273,True,unique-longest-correct;repeated-option-set,"Q220,Q221,Q222,Q223,Q224,Q225"
after,Q225,L12,L12202,Temperature,D,20/23/23/38,1.7272727272727273,True,unique-longest-correct;repeated-option-set,"Q220,Q221,Q222,Q223,Q224,Q225"
after,Q226,L12,L12202,RAG Chunking,A,39/22/17/12,2.2941176470588234,True,length>=2x;unique-longest-correct;repeated-option-set,"Q226,Q227,Q228,Q229,Q230,Q231"
after,Q227,L12,L12202,RAG Chunking,D,12/17/22/39,2.2941176470588234,True,length>=2x;unique-longest-correct;repeated-option-set,"Q226,Q227,Q228,Q229,Q230,Q231"
after,Q228,L12,L12202,RAG Chunking,A,39/17/12/22,2.2941176470588234,True,length>=2x;unique-longest-correct;repeated-option-set,"Q226,Q227,Q228,Q229,Q230,Q231"
after,Q229,L12,L12202,RAG Chunking,D,17/12/22/39,2.2941176470588234,True,length>=2x;unique-longest-correct;repeated-option-set,"Q226,Q227,Q228,Q229,Q230,Q231"
after,Q230,L12,L12202,RAG Chunking,A,39/22/17/12,2.2941176470588234,True,length>=2x;unique-longest-correct;repeated-option-set,"Q226,Q227,Q228,Q229,Q230,Q231"
after,Q231,L12,L12202,RAG Chunking,C,22/12/39/17,2.2941176470588234,True,length>=2x;unique-longest-correct;repeated-option-set,"Q226,Q227,Q228,Q229,Q230,Q231"
after,Q232,L12,L12202,向量相似度,A,46/16/23/17,2.464285714285714,True,length>=2x;unique-longest-correct;repeated-option-set,"Q232,Q233,Q234,Q235,Q236,Q237"
after,Q233,L12,L12202,向量相似度,C,17/23/46/16,2.464285714285714,True,length>=2x;unique-longest-correct;repeated-option-set,"Q232,Q233,Q234,Q235,Q236,Q237"
after,Q234,L12,L12202,向量相似度,C,17/16/46/23,2.464285714285714,True,length>=2x;unique-longest-correct;repeated-option-set,"Q232,Q233,Q234,Q235,Q236,Q237"
after,Q235,L12,L12202,向量相似度,C,17/16/46/23,2.464285714285714,True,length>=2x;unique-longest-correct;repeated-option-set,"Q232,Q233,Q234,Q235,Q236,Q237"
after,Q236,L12,L12202,向量相似度,A,46/17/16/23,2.464285714285714,True,length>=2x;unique-longest-correct;repeated-option-set,"Q232,Q233,Q234,Q235,Q236,Q237"
after,Q237,L12,L12202,向量相似度,D,17/23/16/46,2.464285714285714,True,length>=2x;unique-longest-correct;repeated-option-set,"Q232,Q233,Q234,Q235,Q236,Q237"
after,Q238,L12,L12201,Tool Calling / MCP,C,25/18/32/20,1.5238095238095237,True,unique-longest-correct;repeated-option-set,"Q238,Q239,Q240,Q241,Q242,Q243"
after,Q239,L12,L12201,Tool Calling / MCP,C,20/25/32/18,1.5238095238095237,True,unique-longest-correct;repeated-option-set,"Q238,Q239,Q240,Q241,Q242,Q243"
after,Q240,L12,L12201,Tool Calling / MCP,D,25/20/18/32,1.5238095238095237,True,unique-longest-correct;repeated-option-set,"Q238,Q239,Q240,Q241,Q242,Q243"
after,Q241,L12,L12201,Tool Calling / MCP,A,32/25/20/18,1.5238095238095237,True,unique-longest-correct;repeated-option-set,"Q238,Q239,Q240,Q241,Q242,Q243"
after,Q242,L12,L12201,Tool Calling / MCP,C,18/20/32/25,1.5238095238095237,True,unique-longest-correct;repeated-option-set,"Q238,Q239,Q240,Q241,Q242,Q243"
after,Q243,L12,L12201,Tool Calling / MCP,B,20/32/25/18,1.5238095238095237,True,unique-longest-correct;repeated-option-set,"Q238,Q239,Q240,Q241,Q242,Q243"
after,Q244,L12,L12301,Agent 記憶與狀態,B,20/33/19/20,1.6779661016949152,True,unique-longest-correct;repeated-option-set,"Q244,Q245,Q246,Q247,Q248,Q249"
after,Q245,L12,L12301,Agent 記憶與狀態,B,19/33/20/20,1.6779661016949152,True,unique-longest-correct;repeated-option-set,"Q244,Q245,Q246,Q247,Q248,Q249"
after,Q246,L12,L12301,Agent 記憶與狀態,D,20/20/19/33,1.6779661016949152,True,unique-longest-correct;repeated-option-set,"Q244,Q245,Q246,Q247,Q248,Q249"
after,Q247,L12,L12301,Agent 記憶與狀態,A,33/20/20/19,1.6779661016949152,True,unique-longest-correct;repeated-option-set,"Q244,Q245,Q246,Q247,Q248,Q249"
after,Q248,L12,L12301,Agent 記憶與狀態,A,33/20/20/19,1.6779661016949152,True,unique-longest-correct;repeated-option-set,"Q244,Q245,Q246,Q247,Q248,Q249"
after,Q249,L12,L12301,Agent 記憶與狀態,D,20/19/20/33,1.6779661016949152,True,unique-longest-correct;repeated-option-set,"Q244,Q245,Q246,Q247,Q248,Q249"
after,Q250,L12,L12302,結構化輸出與驗證,C,19/15/34/20,1.8888888888888888,True,unique-longest-correct;repeated-option-set,"Q250,Q251,Q252,Q253,Q254,Q255"
after,Q251,L12,L12302,結構化輸出與驗證,D,19/20/15/34,1.8888888888888888,True,unique-longest-correct;repeated-option-set,"Q250,Q251,Q252,Q253,Q254,Q255"
after,Q252,L12,L12302,結構化輸出與驗證,D,20/19/15/34,1.8888888888888888,True,unique-longest-correct;repeated-option-set,"Q250,Q251,Q252,Q253,Q254,Q255"
after,Q253,L12,L12302,結構化輸出與驗證,B,20/34/15/19,1.8888888888888888,True,unique-longest-correct;repeated-option-set,"Q250,Q251,Q252,Q253,Q254,Q255"
after,Q254,L12,L12302,結構化輸出與驗證,B,19/34/20/15,1.8888888888888888,True,unique-longest-correct;repeated-option-set,"Q250,Q251,Q252,Q253,Q254,Q255"
after,Q255,L12,L12302,結構化輸出與驗證,A,34/19/15/20,1.8888888888888888,True,unique-longest-correct;repeated-option-set,"Q250,Q251,Q252,Q253,Q254,Q255"
after,Q256,L12,L12301,ROI / TCO,B,11/38/18/13,2.7142857142857144,True,length>=2x;unique-longest-correct;repeated-option-set,"Q256,Q257,Q258,Q259,Q260,Q261"
after,Q257,L12,L12301,ROI / TCO,B,11/38/13/18,2.7142857142857144,True,length>=2x;unique-longest-correct;repeated-option-set,"Q256,Q257,Q258,Q259,Q260,Q261"
after,Q258,L12,L12301,ROI / TCO,A,38/13/11/18,2.7142857142857144,True,length>=2x;unique-longest-correct;repeated-option-set,"Q256,Q257,Q258,Q259,Q260,Q261"
after,Q259,L12,L12301,ROI / TCO,B,13/38/18/11,2.7142857142857144,True,length>=2x;unique-longest-correct;repeated-option-set,"Q256,Q257,Q258,Q259,Q260,Q261"
after,Q260,L12,L12301,ROI / TCO,A,38/11/18/13,2.7142857142857144,True,length>=2x;unique-longest-correct;repeated-option-set,"Q256,Q257,Q258,Q259,Q260,Q261"
after,Q261,L12,L12301,ROI / TCO,A,38/18/13/11,2.7142857142857144,True,length>=2x;unique-longest-correct;repeated-option-set,"Q256,Q257,Q258,Q259,Q260,Q261"
after,Q262,L21,L21101,NER 與文本抽取,C,13/13/31/13,2.3846153846153846,True,length>=2x;unique-longest-correct;repeated-option-set,"Q262,Q263,Q264,Q265,Q266,Q267"
after,Q263,L21,L21101,NER 與文本抽取,C,13/13/31/13,2.3846153846153846,True,length>=2x;unique-longest-correct;repeated-option-set,"Q262,Q263,Q264,Q265,Q266,Q267"
after,Q264,L21,L21101,NER 與文本抽取,A,31/13/13/13,2.3846153846153846,True,length>=2x;unique-longest-correct;repeated-option-set,"Q262,Q263,Q264,Q265,Q266,Q267"
after,Q265,L21,L21101,NER 與文本抽取,A,31/13/13/13,2.3846153846153846,True,length>=2x;unique-longest-correct;repeated-option-set,"Q262,Q263,Q264,Q265,Q266,Q267"
after,Q266,L21,L21101,NER 與文本抽取,C,13/13/31/13,2.3846153846153846,True,length>=2x;unique-longest-correct;repeated-option-set,"Q262,Q263,Q264,Q265,Q266,Q267"
after,Q267,L21,L21101,NER 與文本抽取,B,13/31/13/13,2.3846153846153846,True,length>=2x;unique-longest-correct;repeated-option-set,"Q262,Q263,Q264,Q265,Q266,Q267"
after,Q268,L21,L21101,上下文長度與摘要,A,44/15/23/31,1.9130434782608696,True,unique-longest-correct;repeated-option-set,"Q268,Q269,Q270,Q271,Q272,Q273"
after,Q269,L21,L21101,上下文長度與摘要,C,23/31/44/15,1.9130434782608696,True,unique-longest-correct;repeated-option-set,"Q268,Q269,Q270,Q271,Q272,Q273"
after,Q270,L21,L21101,上下文長度與摘要,B,23/44/31/15,1.9130434782608696,True,unique-longest-correct;repeated-option-set,"Q268,Q269,Q270,Q271,Q272,Q273"
after,Q271,L21,L21101,上下文長度與摘要,B,31/44/15/23,1.9130434782608696,True,unique-longest-correct;repeated-option-set,"Q268,Q269,Q270,Q271,Q272,Q273"
after,Q272,L21,L21101,上下文長度與摘要,B,15/44/23/31,1.9130434782608696,True,unique-longest-correct;repeated-option-set,"Q268,Q269,Q270,Q271,Q272,Q273"
after,Q273,L21,L21101,上下文長度與摘要,B,31/44/15/23,1.9130434782608696,True,unique-longest-correct;repeated-option-set,"Q268,Q269,Q270,Q271,Q272,Q273"
after,Q274,L21,L21103,LoRA / PEFT,B,19/35/26/14,1.7796610169491525,True,unique-longest-correct;repeated-option-set,"Q274,Q275,Q276,Q277,Q278,Q279"
after,Q275,L21,L21103,LoRA / PEFT,B,26/35/14/19,1.7796610169491525,True,unique-longest-correct;repeated-option-set,"Q274,Q275,Q276,Q277,Q278,Q279"
after,Q276,L21,L21103,LoRA / PEFT,D,26/19/14/35,1.7796610169491525,True,unique-longest-correct;repeated-option-set,"Q274,Q275,Q276,Q277,Q278,Q279"
after,Q277,L21,L21103,LoRA / PEFT,A,35/14/26/19,1.7796610169491525,True,unique-longest-correct;repeated-option-set,"Q274,Q275,Q276,Q277,Q278,Q279"
after,Q278,L21,L21103,LoRA / PEFT,A,35/14/19/26,1.7796610169491525,True,unique-longest-correct;repeated-option-set,"Q274,Q275,Q276,Q277,Q278,Q279"
after,Q279,L21,L21103,LoRA / PEFT,C,19/26/35/14,1.7796610169491525,True,unique-longest-correct;repeated-option-set,"Q274,Q275,Q276,Q277,Q278,Q279"
after,Q280,L21,L21102,Segmentation,C,31/26/41/12,1.7826086956521738,True,unique-longest-correct;repeated-option-set,"Q280,Q281,Q282,Q283,Q284,Q285"
after,Q281,L21,L21102,Segmentation,B,26/41/31/12,1.7826086956521738,True,unique-longest-correct;repeated-option-set,"Q280,Q281,Q282,Q283,Q284,Q285"
after,Q282,L21,L21102,Segmentation,C,31/26/41/12,1.7826086956521738,True,unique-longest-correct;repeated-option-set,"Q280,Q281,Q282,Q283,Q284,Q285"
after,Q283,L21,L21102,Segmentation,A,41/26/31/12,1.7826086956521738,True,unique-longest-correct;repeated-option-set,"Q280,Q281,Q282,Q283,Q284,Q285"
after,Q284,L21,L21102,Segmentation,A,41/12/31/26,1.7826086956521738,True,unique-longest-correct;repeated-option-set,"Q280,Q281,Q282,Q283,Q284,Q285"
after,Q285,L21,L21102,Segmentation,C,31/26/41/12,1.7826086956521738,True,unique-longest-correct;repeated-option-set,"Q280,Q281,Q282,Q283,Q284,Q285"
after,Q286,L21,L21104,多模態對齊,B,17/36/15/20,2.076923076923077,True,length>=2x;unique-longest-correct;repeated-option-set,"Q286,Q287,Q288,Q289,Q290,Q291"
after,Q287,L21,L21104,多模態對齊,B,20/36/15/17,2.076923076923077,True,length>=2x;unique-longest-correct;repeated-option-set,"Q286,Q287,Q288,Q289,Q290,Q291"
after,Q288,L21,L21104,多模態對齊,D,17/20/15/36,2.076923076923077,True,length>=2x;unique-longest-correct;repeated-option-set,"Q286,Q287,Q288,Q289,Q290,Q291"
after,Q289,L21,L21104,多模態對齊,D,20/17/15/36,2.076923076923077,True,length>=2x;unique-longest-correct;repeated-option-set,"Q286,Q287,Q288,Q289,Q290,Q291"
after,Q290,L21,L21104,多模態對齊,C,20/15/36/17,2.076923076923077,True,length>=2x;unique-longest-correct;repeated-option-set,"Q286,Q287,Q288,Q289,Q290,Q291"
after,Q291,L21,L21104,多模態對齊,C,15/17/36/20,2.076923076923077,True,length>=2x;unique-longest-correct;repeated-option-set,"Q286,Q287,Q288,Q289,Q290,Q291"
after,Q292,L21,L21201,技術與商業可行性,C,16/16/33/21,1.8679245283018866,True,unique-longest-correct;repeated-option-set,"Q292,Q293,Q294,Q295,Q296,Q297"
after,Q293,L21,L21201,技術與商業可行性,A,33/16/21/16,1.8679245283018866,True,unique-longest-correct;repeated-option-set,"Q292,Q293,Q294,Q295,Q296,Q297"
after,Q294,L21,L21201,技術與商業可行性,B,16/33/16/21,1.8679245283018866,True,unique-longest-correct;repeated-option-set,"Q292,Q293,Q294,Q295,Q296,Q297"
after,Q295,L21,L21201,技術與商業可行性,C,16/21/33/16,1.8679245283018866,True,unique-longest-correct;repeated-option-set,"Q292,Q293,Q294,Q295,Q296,Q297"
after,Q296,L21,L21201,技術與商業可行性,D,21/16/16/33,1.8679245283018866,True,unique-longest-correct;repeated-option-set,"Q292,Q293,Q294,Q295,Q296,Q297"
after,Q297,L21,L21201,技術與商業可行性,C,16/16/33/21,1.8679245283018866,True,unique-longest-correct;repeated-option-set,"Q292,Q293,Q294,Q295,Q296,Q297"
after,Q298,L21,L21202,MLOps 生命週期,D,15/12/13/35,2.625,True,length>=2x;unique-longest-correct;repeated-option-set,"Q298,Q299,Q300,Q301,Q302,Q303"
after,Q299,L21,L21202,MLOps 生命週期,B,12/35/13/15,2.625,True,length>=2x;unique-longest-correct;repeated-option-set,"Q298,Q299,Q300,Q301,Q302,Q303"
after,Q300,L21,L21202,MLOps 生命週期,D,13/15/12/35,2.625,True,length>=2x;unique-longest-correct;repeated-option-set,"Q298,Q299,Q300,Q301,Q302,Q303"
after,Q301,L21,L21202,MLOps 生命週期,C,12/13/35/15,2.625,True,length>=2x;unique-longest-correct;repeated-option-set,"Q298,Q299,Q300,Q301,Q302,Q303"
after,Q302,L21,L21202,MLOps 生命週期,B,12/35/15/13,2.625,True,length>=2x;unique-longest-correct;repeated-option-set,"Q298,Q299,Q300,Q301,Q302,Q303"
after,Q303,L21,L21202,MLOps 生命週期,B,13/35/12/15,2.625,True,length>=2x;unique-longest-correct;repeated-option-set,"Q298,Q299,Q300,Q301,Q302,Q303"
after,Q304,L21,L21302,線上／批次部署,A,31/10/13/13,2.5833333333333335,True,length>=2x;unique-longest-correct;repeated-option-set,"Q304,Q305,Q306,Q307,Q308,Q309"
after,Q305,L21,L21302,線上／批次部署,A,31/10/13/13,2.5833333333333335,True,length>=2x;unique-longest-correct;repeated-option-set,"Q304,Q305,Q306,Q307,Q308,Q309"
after,Q306,L21,L21302,線上／批次部署,B,13/31/13/10,2.5833333333333335,True,length>=2x;unique-longest-correct;repeated-option-set,"Q304,Q305,Q306,Q307,Q308,Q309"
after,Q307,L21,L21302,線上／批次部署,D,10/13/13/31,2.5833333333333335,True,length>=2x;unique-longest-correct;repeated-option-set,"Q304,Q305,Q306,Q307,Q308,Q309"
after,Q308,L21,L21302,線上／批次部署,C,13/13/31/10,2.5833333333333335,True,length>=2x;unique-longest-correct;repeated-option-set,"Q304,Q305,Q306,Q307,Q308,Q309"
after,Q309,L21,L21302,線上／批次部署,D,13/13/10/31,2.5833333333333335,True,length>=2x;unique-longest-correct;repeated-option-set,"Q304,Q305,Q306,Q307,Q308,Q309"
after,Q310,L21,L21203,Data / Concept Drift,D,13/12/21/36,2.3478260869565215,True,length>=2x;unique-longest-correct;repeated-option-set,"Q310,Q311,Q312,Q313,Q314,Q315"
after,Q311,L21,L21203,Data / Concept Drift,D,12/21/13/36,2.3478260869565215,True,length>=2x;unique-longest-correct;repeated-option-set,"Q310,Q311,Q312,Q313,Q314,Q315"
after,Q312,L21,L21203,Data / Concept Drift,B,12/36/21/13,2.3478260869565215,True,length>=2x;unique-longest-correct;repeated-option-set,"Q310,Q311,Q312,Q313,Q314,Q315"
after,Q313,L21,L21203,Data / Concept Drift,A,36/13/21/12,2.3478260869565215,True,length>=2x;unique-longest-correct;repeated-option-set,"Q310,Q311,Q312,Q313,Q314,Q315"
after,Q314,L21,L21203,Data / Concept Drift,B,21/36/12/13,2.3478260869565215,True,length>=2x;unique-longest-correct;repeated-option-set,"Q310,Q311,Q312,Q313,Q314,Q315"
after,Q315,L21,L21203,Data / Concept Drift,B,12/36/21/13,2.3478260869565215,True,length>=2x;unique-longest-correct;repeated-option-set,"Q310,Q311,Q312,Q313,Q314,Q315"
after,Q316,L21,L21302,A/B 與 Shadow Deployment,A,43/18/10/30,2.224137931034483,True,length>=2x;unique-longest-correct;repeated-option-set,"Q316,Q317,Q318,Q319,Q320,Q321"
after,Q317,L21,L21302,A/B 與 Shadow Deployment,B,30/43/10/18,2.224137931034483,True,length>=2x;unique-longest-correct;repeated-option-set,"Q316,Q317,Q318,Q319,Q320,Q321"
after,Q318,L21,L21302,A/B 與 Shadow Deployment,D,30/18/10/43,2.224137931034483,True,length>=2x;unique-longest-correct;repeated-option-set,"Q316,Q317,Q318,Q319,Q320,Q321"
after,Q319,L21,L21302,A/B 與 Shadow Deployment,A,43/10/30/18,2.224137931034483,True,length>=2x;unique-longest-correct;repeated-option-set,"Q316,Q317,Q318,Q319,Q320,Q321"
after,Q320,L21,L21302,A/B 與 Shadow Deployment,A,43/18/10/30,2.224137931034483,True,length>=2x;unique-longest-correct;repeated-option-set,"Q316,Q317,Q318,Q319,Q320,Q321"
after,Q321,L21,L21302,A/B 與 Shadow Deployment,A,43/18/30/10,2.224137931034483,True,length>=2x;unique-longest-correct;repeated-option-set,"Q316,Q317,Q318,Q319,Q320,Q321"
after,Q322,L21,L21203,Prompt Injection 防護,B,25/41/17/15,2.1578947368421053,True,length>=2x;unique-longest-correct;repeated-option-set,"Q322,Q323,Q324,Q325,Q326,Q327"
after,Q323,L21,L21203,Prompt Injection 防護,D,15/17/25/41,2.1578947368421053,True,length>=2x;unique-longest-correct;repeated-option-set,"Q322,Q323,Q324,Q325,Q326,Q327"
after,Q324,L21,L21203,Prompt Injection 防護,C,25/15/41/17,2.1578947368421053,True,length>=2x;unique-longest-correct;repeated-option-set,"Q322,Q323,Q324,Q325,Q326,Q327"
after,Q325,L21,L21203,Prompt Injection 防護,A,41/25/17/15,2.1578947368421053,True,length>=2x;unique-longest-correct;repeated-option-set,"Q322,Q323,Q324,Q325,Q326,Q327"
after,Q326,L21,L21203,Prompt Injection 防護,A,41/15/17/25,2.1578947368421053,True,length>=2x;unique-longest-correct;repeated-option-set,"Q322,Q323,Q324,Q325,Q326,Q327"
after,Q327,L21,L21203,Prompt Injection 防護,B,15/41/17/25,2.1578947368421053,True,length>=2x;unique-longest-correct;repeated-option-set,"Q322,Q323,Q324,Q325,Q326,Q327"
after,Q328,L21,L21203,Human-in-the-loop 風險分級,C,16/16/34/13,2.2666666666666666,True,length>=2x;unique-longest-correct;repeated-option-set,"Q328,Q329,Q330,Q331,Q332,Q333"
after,Q329,L21,L21203,Human-in-the-loop 風險分級,A,34/16/13/16,2.2666666666666666,True,length>=2x;unique-longest-correct;repeated-option-set,"Q328,Q329,Q330,Q331,Q332,Q333"
after,Q330,L21,L21203,Human-in-the-loop 風險分級,A,34/16/13/16,2.2666666666666666,True,length>=2x;unique-longest-correct;repeated-option-set,"Q328,Q329,Q330,Q331,Q332,Q333"
after,Q331,L21,L21203,Human-in-the-loop 風險分級,C,16/16/34/13,2.2666666666666666,True,length>=2x;unique-longest-correct;repeated-option-set,"Q328,Q329,Q330,Q331,Q332,Q333"
after,Q332,L21,L21203,Human-in-the-loop 風險分級,A,34/16/13/16,2.2666666666666666,True,length>=2x;unique-longest-correct;repeated-option-set,"Q328,Q329,Q330,Q331,Q332,Q333"
after,Q333,L21,L21203,Human-in-the-loop 風險分級,D,16/13/16/34,2.2666666666666666,True,length>=2x;unique-longest-correct;repeated-option-set,"Q328,Q329,Q330,Q331,Q332,Q333"
after,Q334,L21,L21103,LLM 評測資料集,A,26/25/25/25,1.04,True,unique-longest-correct,Q334
after,Q335,L21,L21103,LLM 評測資料集,D,24/25/24/24,0.9863013698630138,False,,Q335
after,Q336,L21,L21103,LLM 評測資料集,A,24/24/24/24,1.0,False,,Q336
after,Q337,L21,L21103,LLM 評測資料集,C,26/25/25/25,0.986842105263158,False,,Q337
after,Q338,L21,L21103,LLM 評測資料集,A,25/25/25/25,1.0,False,,Q338
after,Q339,L21,L21103,LLM 評測資料集,C,23/23/24/24,1.0285714285714287,False,,Q339
after,Q340,L22,L22101,Percentile / IQR,D,12/15/14/18,1.3170731707317074,True,unique-longest-correct,Q340
after,Q341,L22,L22101,Percentile / IQR,B,14/14/14/14,1.0,False,,Q341
after,Q342,L22,L22101,Percentile / IQR,A,14/14/14/15,0.9767441860465116,False,,Q342
after,Q343,L22,L22101,Percentile / IQR,B,15/15/17/15,0.9574468085106383,False,,Q343
after,Q344,L22,L22101,Percentile / IQR,B,14/14/14/14,1.0,False,,Q344
after,Q345,L22,L22101,Percentile / IQR,D,8/9/10/10,1.1111111111111112,False,,Q345
after,Q346,L22,L22102,Binomial / Poisson,B,16/16/15/15,1.0434782608695652,False,,Q346
after,Q347,L22,L22102,Binomial / Poisson,A,14/15/15/13,0.9767441860465116,False,,Q347
after,Q348,L22,L22102,Binomial / Poisson,B,15/15/15/16,0.9782608695652174,False,,Q348
after,Q349,L22,L22102,Binomial / Poisson,C,17/18/20/19,1.1111111111111112,True,unique-longest-correct,Q349
after,Q350,L22,L22102,Binomial / Poisson,C,22/23/24/24,1.0434782608695652,False,,Q350
after,Q351,L22,L22102,Binomial / Poisson,C,21/18/20/20,1.0169491525423728,False,,Q351
after,Q352,L22,L22103,信賴區間,D,13/12/29/32,1.7777777777777777,True,unique-longest-correct;repeated-option-set,"Q352,Q353,Q354,Q355,Q356,Q357"
after,Q353,L22,L22103,信賴區間,A,32/13/12/29,1.7777777777777777,True,unique-longest-correct;repeated-option-set,"Q352,Q353,Q354,Q355,Q356,Q357"
after,Q354,L22,L22103,信賴區間,D,13/12/29/32,1.7777777777777777,True,unique-longest-correct;repeated-option-set,"Q352,Q353,Q354,Q355,Q356,Q357"
after,Q355,L22,L22103,信賴區間,C,12/13/32/29,1.7777777777777777,True,unique-longest-correct;repeated-option-set,"Q352,Q353,Q354,Q355,Q356,Q357"
after,Q356,L22,L22103,信賴區間,D,12/29/13/32,1.7777777777777777,True,unique-longest-correct;repeated-option-set,"Q352,Q353,Q354,Q355,Q356,Q357"
after,Q357,L22,L22103,信賴區間,B,13/32/12/29,1.7777777777777777,True,unique-longest-correct;repeated-option-set,"Q352,Q353,Q354,Q355,Q356,Q357"
after,Q358,L22,L22103,Type I / Type II Error,A,32/19/11/13,2.2325581395348837,True,length>=2x;unique-longest-correct;repeated-option-set,"Q358,Q359,Q360,Q361,Q362,Q363"
after,Q359,L22,L22103,Type I / Type II Error,A,32/13/19/11,2.2325581395348837,True,length>=2x;unique-longest-correct;repeated-option-set,"Q358,Q359,Q360,Q361,Q362,Q363"
after,Q360,L22,L22103,Type I / Type II Error,D,13/19/11/32,2.2325581395348837,True,length>=2x;unique-longest-correct;repeated-option-set,"Q358,Q359,Q360,Q361,Q362,Q363"
after,Q361,L22,L22103,Type I / Type II Error,D,11/13/19/32,2.2325581395348837,True,length>=2x;unique-longest-correct;repeated-option-set,"Q358,Q359,Q360,Q361,Q362,Q363"
after,Q362,L22,L22103,Type I / Type II Error,C,19/11/32/13,2.2325581395348837,True,length>=2x;unique-longest-correct;repeated-option-set,"Q358,Q359,Q360,Q361,Q362,Q363"
after,Q363,L22,L22103,Type I / Type II Error,A,32/19/13/11,2.2325581395348837,True,length>=2x;unique-longest-correct;repeated-option-set,"Q358,Q359,Q360,Q361,Q362,Q363"
after,Q364,L22,L22202,NoSQL 選型,C,20/22/58/19,2.8524590163934427,True,length>=2x;unique-longest-correct;repeated-option-set,"Q364,Q365,Q366,Q367,Q368,Q369"
after,Q365,L22,L22202,NoSQL 選型,D,22/20/19/58,2.8524590163934427,True,length>=2x;unique-longest-correct;repeated-option-set,"Q364,Q365,Q366,Q367,Q368,Q369"
after,Q366,L22,L22202,NoSQL 選型,C,20/19/58/22,2.8524590163934427,True,length>=2x;unique-longest-correct;repeated-option-set,"Q364,Q365,Q366,Q367,Q368,Q369"
after,Q367,L22,L22202,NoSQL 選型,C,20/22/58/19,2.8524590163934427,True,length>=2x;unique-longest-correct;repeated-option-set,"Q364,Q365,Q366,Q367,Q368,Q369"
after,Q368,L22,L22202,NoSQL 選型,D,20/19/22/58,2.8524590163934427,True,length>=2x;unique-longest-correct;repeated-option-set,"Q364,Q365,Q366,Q367,Q368,Q369"
after,Q369,L22,L22202,NoSQL 選型,D,19/20/22/58,2.8524590163934427,True,length>=2x;unique-longest-correct;repeated-option-set,"Q364,Q365,Q366,Q367,Q368,Q369"
after,Q370,L22,L22202,Lakehouse,C,26/25/51/20,2.1549295774647885,True,length>=2x;unique-longest-correct;repeated-option-set,"Q370,Q371,Q372,Q373,Q374,Q375"
after,Q371,L22,L22202,Lakehouse,D,26/20/25/51,2.1549295774647885,True,length>=2x;unique-longest-correct;repeated-option-set,"Q370,Q371,Q372,Q373,Q374,Q375"
after,Q372,L22,L22202,Lakehouse,D,25/20/26/51,2.1549295774647885,True,length>=2x;unique-longest-correct;repeated-option-set,"Q370,Q371,Q372,Q373,Q374,Q375"
after,Q373,L22,L22202,Lakehouse,A,51/25/20/26,2.1549295774647885,True,length>=2x;unique-longest-correct;repeated-option-set,"Q370,Q371,Q372,Q373,Q374,Q375"
after,Q374,L22,L22202,Lakehouse,D,25/20/26/51,2.1549295774647885,True,length>=2x;unique-longest-correct;repeated-option-set,"Q370,Q371,Q372,Q373,Q374,Q375"
after,Q375,L22,L22202,Lakehouse,B,26/51/25/20,2.1549295774647885,True,length>=2x;unique-longest-correct;repeated-option-set,"Q370,Q371,Q372,Q373,Q374,Q375"
after,Q376,L22,L22203,Spark 與記憶體運算,A,37/12/20/15,2.3617021276595747,True,length>=2x;unique-longest-correct;repeated-option-set,"Q376,Q377,Q378,Q379,Q380,Q381"
after,Q377,L22,L22203,Spark 與記憶體運算,B,20/37/15/12,2.3617021276595747,True,length>=2x;unique-longest-correct;repeated-option-set,"Q376,Q377,Q378,Q379,Q380,Q381"
after,Q378,L22,L22203,Spark 與記憶體運算,A,37/12/15/20,2.3617021276595747,True,length>=2x;unique-longest-correct;repeated-option-set,"Q376,Q377,Q378,Q379,Q380,Q381"
after,Q379,L22,L22203,Spark 與記憶體運算,A,37/15/20/12,2.3617021276595747,True,length>=2x;unique-longest-correct;repeated-option-set,"Q376,Q377,Q378,Q379,Q380,Q381"
after,Q380,L22,L22203,Spark 與記憶體運算,D,20/15/12/37,2.3617021276595747,True,length>=2x;unique-longest-correct;repeated-option-set,"Q376,Q377,Q378,Q379,Q380,Q381"
after,Q381,L22,L22203,Spark 與記憶體運算,B,20/37/12/15,2.3617021276595747,True,length>=2x;unique-longest-correct;repeated-option-set,"Q376,Q377,Q378,Q379,Q380,Q381"
after,Q382,L22,L22203,Exactly-once / Idempotency,C,32/19/39/14,1.7999999999999998,True,unique-longest-correct;repeated-option-set,"Q382,Q383,Q384,Q385,Q386,Q387"
after,Q383,L22,L22203,Exactly-once / Idempotency,C,19/32/39/14,1.7999999999999998,True,unique-longest-correct;repeated-option-set,"Q382,Q383,Q384,Q385,Q386,Q387"
after,Q384,L22,L22203,Exactly-once / Idempotency,C,32/19/39/14,1.7999999999999998,True,unique-longest-correct;repeated-option-set,"Q382,Q383,Q384,Q385,Q386,Q387"
after,Q385,L22,L22203,Exactly-once / Idempotency,A,39/14/19/32,1.7999999999999998,True,unique-longest-correct;repeated-option-set,"Q382,Q383,Q384,Q385,Q386,Q387"
after,Q386,L22,L22203,Exactly-once / Idempotency,A,39/14/32/19,1.7999999999999998,True,unique-longest-correct;repeated-option-set,"Q382,Q383,Q384,Q385,Q386,Q387"
after,Q387,L22,L22203,Exactly-once / Idempotency,D,19/14/32/39,1.7999999999999998,True,unique-longest-correct;repeated-option-set,"Q382,Q383,Q384,Q385,Q386,Q387"
after,Q388,L22,L22302,時間序列切分,D,24/28/27/28,1.0632911392405064,False,,Q388
after,Q389,L22,L22302,時間序列切分,D,16/16/16/16,1.0,False,,Q389
after,Q390,L22,L22302,時間序列切分,B,16/16/16/16,1.0,False,,Q390
after,Q391,L22,L22302,時間序列切分,C,22/21/22/22,1.0153846153846153,False,,Q391
after,Q392,L22,L22302,時間序列切分,C,21/22/24/24,1.0746268656716418,False,,Q392
after,Q393,L22,L22302,時間序列切分,D,19/20/20/21,1.0677966101694916,True,unique-longest-correct,Q393
after,Q394,L22,L22303,視覺化誠信,D,8/17/13/31,2.447368421052632,True,length>=2x;unique-longest-correct;repeated-option-set,"Q394,Q395,Q396,Q397,Q398,Q399"
after,Q395,L22,L22303,視覺化誠信,D,17/8/13/31,2.447368421052632,True,length>=2x;unique-longest-correct;repeated-option-set,"Q394,Q395,Q396,Q397,Q398,Q399"
after,Q396,L22,L22303,視覺化誠信,A,31/13/8/17,2.447368421052632,True,length>=2x;unique-longest-correct;repeated-option-set,"Q394,Q395,Q396,Q397,Q398,Q399"
after,Q397,L22,L22303,視覺化誠信,C,17/8/31/13,2.447368421052632,True,length>=2x;unique-longest-correct;repeated-option-set,"Q394,Q395,Q396,Q397,Q398,Q399"
after,Q398,L22,L22303,視覺化誠信,B,17/31/13/8,2.447368421052632,True,length>=2x;unique-longest-correct;repeated-option-set,"Q394,Q395,Q396,Q397,Q398,Q399"
after,Q399,L22,L22303,視覺化誠信,D,13/8/17/31,2.447368421052632,True,length>=2x;unique-longest-correct;repeated-option-set,"Q394,Q395,Q396,Q397,Q398,Q399"
after,Q400,L22,L22404,K-anonymity 與差分隱私,A,43/24/14/9,2.74468085106383,True,length>=2x;unique-longest-correct;repeated-option-set,"Q400,Q401,Q402,Q403,Q404,Q405"
after,Q401,L22,L22404,K-anonymity 與差分隱私,A,43/14/24/9,2.74468085106383,True,length>=2x;unique-longest-correct;repeated-option-set,"Q400,Q401,Q402,Q403,Q404,Q405"
after,Q402,L22,L22404,K-anonymity 與差分隱私,A,43/14/24/9,2.74468085106383,True,length>=2x;unique-longest-correct;repeated-option-set,"Q400,Q401,Q402,Q403,Q404,Q405"
after,Q403,L22,L22404,K-anonymity 與差分隱私,C,9/14/43/24,2.74468085106383,True,length>=2x;unique-longest-correct;repeated-option-set,"Q400,Q401,Q402,Q403,Q404,Q405"
after,Q404,L22,L22404,K-anonymity 與差分隱私,C,14/9/43/24,2.74468085106383,True,length>=2x;unique-longest-correct;repeated-option-set,"Q400,Q401,Q402,Q403,Q404,Q405"
after,Q405,L22,L22404,K-anonymity 與差分隱私,D,24/9/14/43,2.74468085106383,True,length>=2x;unique-longest-correct;repeated-option-set,"Q400,Q401,Q402,Q403,Q404,Q405"
after,Q406,L23,L23101,Conditional Probability,A,24/11/16/15,1.7142857142857142,True,unique-longest-correct;repeated-option-set,"Q406,Q407,Q408,Q409,Q410,Q411"
after,Q407,L23,L23101,Conditional Probability,A,24/15/11/16,1.7142857142857142,True,unique-longest-correct;repeated-option-set,"Q406,Q407,Q408,Q409,Q410,Q411"
after,Q408,L23,L23101,Conditional Probability,D,15/11/16/24,1.7142857142857142,True,unique-longest-correct;repeated-option-set,"Q406,Q407,Q408,Q409,Q410,Q411"
after,Q409,L23,L23101,Conditional Probability,A,24/16/11/15,1.7142857142857142,True,unique-longest-correct;repeated-option-set,"Q406,Q407,Q408,Q409,Q410,Q411"
after,Q410,L23,L23101,Conditional Probability,D,15/11/16/24,1.7142857142857142,True,unique-longest-correct;repeated-option-set,"Q406,Q407,Q408,Q409,Q410,Q411"
after,Q411,L23,L23101,Conditional Probability,A,24/16/15/11,1.7142857142857142,True,unique-longest-correct;repeated-option-set,"Q406,Q407,Q408,Q409,Q410,Q411"
after,Q412,L23,L23102,Dot Product / Cosine,C,17/28/41/7,2.3653846153846154,True,length>=2x;unique-longest-correct;repeated-option-set,"Q412,Q413,Q414,Q415,Q416,Q417"
after,Q413,L23,L23102,Dot Product / Cosine,C,28/17/41/7,2.3653846153846154,True,length>=2x;unique-longest-correct;repeated-option-set,"Q412,Q413,Q414,Q415,Q416,Q417"
after,Q414,L23,L23102,Dot Product / Cosine,A,41/28/17/7,2.3653846153846154,True,length>=2x;unique-longest-correct;repeated-option-set,"Q412,Q413,Q414,Q415,Q416,Q417"
after,Q415,L23,L23102,Dot Product / Cosine,B,17/41/28/7,2.3653846153846154,True,length>=2x;unique-longest-correct;repeated-option-set,"Q412,Q413,Q414,Q415,Q416,Q417"
after,Q416,L23,L23102,Dot Product / Cosine,B,28/41/17/7,2.3653846153846154,True,length>=2x;unique-longest-correct;repeated-option-set,"Q412,Q413,Q414,Q415,Q416,Q417"
after,Q417,L23,L23102,Dot Product / Cosine,B,28/41/7/17,2.3653846153846154,True,length>=2x;unique-longest-correct;repeated-option-set,"Q412,Q413,Q414,Q415,Q416,Q417"
after,Q418,L23,L23103,Learning Rate,A,32/10/12/12,2.8235294117647056,True,length>=2x;unique-longest-correct;repeated-option-set,"Q418,Q419,Q420,Q421,Q422,Q423"
after,Q419,L23,L23103,Learning Rate,B,10/32/12/12,2.8235294117647056,True,length>=2x;unique-longest-correct;repeated-option-set,"Q418,Q419,Q420,Q421,Q422,Q423"
after,Q420,L23,L23103,Learning Rate,D,10/12/12/32,2.8235294117647056,True,length>=2x;unique-longest-correct;repeated-option-set,"Q418,Q419,Q420,Q421,Q422,Q423"
after,Q421,L23,L23103,Learning Rate,C,12/12/32/10,2.8235294117647056,True,length>=2x;unique-longest-correct;repeated-option-set,"Q418,Q419,Q420,Q421,Q422,Q423"
after,Q422,L23,L23103,Learning Rate,A,32/10/12/12,2.8235294117647056,True,length>=2x;unique-longest-correct;repeated-option-set,"Q418,Q419,Q420,Q421,Q422,Q423"
after,Q423,L23,L23103,Learning Rate,D,12/10/12/32,2.8235294117647056,True,length>=2x;unique-longest-correct;repeated-option-set,"Q418,Q419,Q420,Q421,Q422,Q423"
after,Q424,L23,L23201,L1 / L2 正則化,C,21/21/21/21,1.0,False,,Q424
after,Q425,L23,L23201,L1 / L2 正則化,D,18/14/13/37,2.466666666666667,True,length>=2x;unique-longest-correct;repeated-option-set,"Q425,Q426,Q427,Q428,Q429"
after,Q426,L23,L23201,L1 / L2 正則化,D,13/18/14/37,2.466666666666667,True,length>=2x;unique-longest-correct;repeated-option-set,"Q425,Q426,Q427,Q428,Q429"
after,Q427,L23,L23201,L1 / L2 正則化,A,37/18/13/14,2.466666666666667,True,length>=2x;unique-longest-correct;repeated-option-set,"Q425,Q426,Q427,Q428,Q429"
after,Q428,L23,L23201,L1 / L2 正則化,D,18/13/14/37,2.466666666666667,True,length>=2x;unique-longest-correct;repeated-option-set,"Q425,Q426,Q427,Q428,Q429"
after,Q429,L23,L23201,L1 / L2 正則化,C,13/14/37/18,2.466666666666667,True,length>=2x;unique-longest-correct;repeated-option-set,"Q425,Q426,Q427,Q428,Q429"
after,Q430,L23,L23202,SVM Kernel,C,14/19/45/10,3.13953488372093,True,length>=3x;unique-longest-correct;repeated-option-set,"Q430,Q431,Q432,Q433,Q434,Q435"
after,Q431,L23,L23202,SVM Kernel,D,19/10/14/45,3.13953488372093,True,length>=3x;unique-longest-correct;repeated-option-set,"Q430,Q431,Q432,Q433,Q434,Q435"
after,Q432,L23,L23202,SVM Kernel,C,19/10/45/14,3.13953488372093,True,length>=3x;unique-longest-correct;repeated-option-set,"Q430,Q431,Q432,Q433,Q434,Q435"
after,Q433,L23,L23202,SVM Kernel,D,19/14/10/45,3.13953488372093,True,length>=3x;unique-longest-correct;repeated-option-set,"Q430,Q431,Q432,Q433,Q434,Q435"
after,Q434,L23,L23202,SVM Kernel,D,10/14/19/45,3.13953488372093,True,length>=3x;unique-longest-correct;repeated-option-set,"Q430,Q431,Q432,Q433,Q434,Q435"
after,Q435,L23,L23202,SVM Kernel,A,45/14/10/19,3.13953488372093,True,length>=3x;unique-longest-correct;repeated-option-set,"Q430,Q431,Q432,Q433,Q434,Q435"
after,Q436,L23,L23202,Gradient Boosting,B,33/44/21/22,1.736842105263158,True,unique-longest-correct;repeated-option-set,"Q436,Q437,Q438,Q439,Q440,Q441"
after,Q437,L23,L23202,Gradient Boosting,C,33/22/44/21,1.736842105263158,True,unique-longest-correct;repeated-option-set,"Q436,Q437,Q438,Q439,Q440,Q441"
after,Q438,L23,L23202,Gradient Boosting,A,44/22/33/21,1.736842105263158,True,unique-longest-correct;repeated-option-set,"Q436,Q437,Q438,Q439,Q440,Q441"
after,Q439,L23,L23202,Gradient Boosting,D,21/22/33/44,1.736842105263158,True,unique-longest-correct;repeated-option-set,"Q436,Q437,Q438,Q439,Q440,Q441"
after,Q440,L23,L23202,Gradient Boosting,A,44/33/22/21,1.736842105263158,True,unique-longest-correct;repeated-option-set,"Q436,Q437,Q438,Q439,Q440,Q441"
after,Q441,L23,L23202,Gradient Boosting,D,21/33/22/44,1.736842105263158,True,unique-longest-correct;repeated-option-set,"Q436,Q437,Q438,Q439,Q440,Q441"
after,Q442,L23,L23203,RNN / LSTM,A,39/12/16/15,2.7209302325581395,True,length>=2x;unique-longest-correct;repeated-option-set,"Q442,Q443,Q444,Q445,Q446,Q447"
after,Q443,L23,L23203,RNN / LSTM,B,15/39/12/16,2.7209302325581395,True,length>=2x;unique-longest-correct;repeated-option-set,"Q442,Q443,Q444,Q445,Q446,Q447"
after,Q444,L23,L23203,RNN / LSTM,D,16/15/12/39,2.7209302325581395,True,length>=2x;unique-longest-correct;repeated-option-set,"Q442,Q443,Q444,Q445,Q446,Q447"
after,Q445,L23,L23203,RNN / LSTM,A,39/12/16/15,2.7209302325581395,True,length>=2x;unique-longest-correct;repeated-option-set,"Q442,Q443,Q444,Q445,Q446,Q447"
after,Q446,L23,L23203,RNN / LSTM,A,39/12/16/15,2.7209302325581395,True,length>=2x;unique-longest-correct;repeated-option-set,"Q442,Q443,Q444,Q445,Q446,Q447"
after,Q447,L23,L23203,RNN / LSTM,C,15/12/39/16,2.7209302325581395,True,length>=2x;unique-longest-correct;repeated-option-set,"Q442,Q443,Q444,Q445,Q446,Q447"
after,Q448,L23,L23301,Target Leakage,A,43/17/21/23,2.1147540983606556,True,length>=2x;unique-longest-correct;repeated-option-set,"Q448,Q449,Q450,Q451,Q452,Q453"
after,Q449,L23,L23301,Target Leakage,A,43/21/23/17,2.1147540983606556,True,length>=2x;unique-longest-correct;repeated-option-set,"Q448,Q449,Q450,Q451,Q452,Q453"
after,Q450,L23,L23301,Target Leakage,C,23/21/43/17,2.1147540983606556,True,length>=2x;unique-longest-correct;repeated-option-set,"Q448,Q449,Q450,Q451,Q452,Q453"
after,Q451,L23,L23301,Target Leakage,D,17/23/21/43,2.1147540983606556,True,length>=2x;unique-longest-correct;repeated-option-set,"Q448,Q449,Q450,Q451,Q452,Q453"
after,Q452,L23,L23301,Target Leakage,D,23/21/17/43,2.1147540983606556,True,length>=2x;unique-longest-correct;repeated-option-set,"Q448,Q449,Q450,Q451,Q452,Q453"
after,Q453,L23,L23301,Target Leakage,C,17/23/43/21,2.1147540983606556,True,length>=2x;unique-longest-correct;repeated-option-set,"Q448,Q449,Q450,Q451,Q452,Q453"
after,Q454,L23,L23301,Feature Scaling,A,38/19/13/19,2.235294117647059,True,length>=2x;unique-longest-correct;repeated-option-set,"Q454,Q455,Q456,Q457,Q458,Q459"
after,Q455,L23,L23301,Feature Scaling,C,19/19/38/13,2.235294117647059,True,length>=2x;unique-longest-correct;repeated-option-set,"Q454,Q455,Q456,Q457,Q458,Q459"
after,Q456,L23,L23301,Feature Scaling,B,19/38/13/19,2.235294117647059,True,length>=2x;unique-longest-correct;repeated-option-set,"Q454,Q455,Q456,Q457,Q458,Q459"
after,Q457,L23,L23301,Feature Scaling,A,38/19/19/13,2.235294117647059,True,length>=2x;unique-longest-correct;repeated-option-set,"Q454,Q455,Q456,Q457,Q458,Q459"
after,Q458,L23,L23301,Feature Scaling,A,38/13/19/19,2.235294117647059,True,length>=2x;unique-longest-correct;repeated-option-set,"Q454,Q455,Q456,Q457,Q458,Q459"
after,Q459,L23,L23301,Feature Scaling,A,38/13/19/19,2.235294117647059,True,length>=2x;unique-longest-correct;repeated-option-set,"Q454,Q455,Q456,Q457,Q458,Q459"
after,Q460,L23,L23303,Stratified CV,A,39/17/37/19,1.6027397260273974,True,unique-longest-correct;repeated-option-set,"Q460,Q461,Q462,Q463,Q464,Q465"
after,Q461,L23,L23303,Stratified CV,A,39/37/17/19,1.6027397260273974,True,unique-longest-correct;repeated-option-set,"Q460,Q461,Q462,Q463,Q464,Q465"
after,Q462,L23,L23303,Stratified CV,A,39/37/19/17,1.6027397260273974,True,unique-longest-correct;repeated-option-set,"Q460,Q461,Q462,Q463,Q464,Q465"
after,Q463,L23,L23303,Stratified CV,C,37/19/39/17,1.6027397260273974,True,unique-longest-correct;repeated-option-set,"Q460,Q461,Q462,Q463,Q464,Q465"
after,Q464,L23,L23303,Stratified CV,C,37/19/39/17,1.6027397260273974,True,unique-longest-correct;repeated-option-set,"Q460,Q461,Q462,Q463,Q464,Q465"
after,Q465,L23,L23303,Stratified CV,B,17/39/19/37,1.6027397260273974,True,unique-longest-correct;repeated-option-set,"Q460,Q461,Q462,Q463,Q464,Q465"
after,Q466,L23,L23303,ROC-AUC / PR-AUC,B,24/64/25/12,3.1475409836065578,True,length>=3x;unique-longest-correct;repeated-option-set,"Q466,Q467,Q468,Q469,Q470,Q471"
after,Q467,L23,L23303,ROC-AUC / PR-AUC,D,12/25/24/64,3.1475409836065578,True,length>=3x;unique-longest-correct;repeated-option-set,"Q466,Q467,Q468,Q469,Q470,Q471"
after,Q468,L23,L23303,ROC-AUC / PR-AUC,A,64/24/25/12,3.1475409836065578,True,length>=3x;unique-longest-correct;repeated-option-set,"Q466,Q467,Q468,Q469,Q470,Q471"
after,Q469,L23,L23303,ROC-AUC / PR-AUC,B,12/64/24/25,3.1475409836065578,True,length>=3x;unique-longest-correct;repeated-option-set,"Q466,Q467,Q468,Q469,Q470,Q471"
after,Q470,L23,L23303,ROC-AUC / PR-AUC,D,24/25/12/64,3.1475409836065578,True,length>=3x;unique-longest-correct;repeated-option-set,"Q466,Q467,Q468,Q469,Q470,Q471"
after,Q471,L23,L23303,ROC-AUC / PR-AUC,A,64/25/24/12,3.1475409836065578,True,length>=3x;unique-longest-correct;repeated-option-set,"Q466,Q467,Q468,Q469,Q470,Q471"
after,Q472,L23,L23304,Early Stopping,B,24/41/25/21,1.7571428571428573,True,unique-longest-correct;repeated-option-set,"Q472,Q473,Q474,Q475,Q476,Q477"
after,Q473,L23,L23304,Early Stopping,C,25/24/41/21,1.7571428571428573,True,unique-longest-correct;repeated-option-set,"Q472,Q473,Q474,Q475,Q476,Q477"
after,Q474,L23,L23304,Early Stopping,C,24/25/41/21,1.7571428571428573,True,unique-longest-correct;repeated-option-set,"Q472,Q473,Q474,Q475,Q476,Q477"
after,Q475,L23,L23304,Early Stopping,A,41/21/24/25,1.7571428571428573,True,unique-longest-correct;repeated-option-set,"Q472,Q473,Q474,Q475,Q476,Q477"
after,Q476,L23,L23304,Early Stopping,C,21/24/41/25,1.7571428571428573,True,unique-longest-correct;repeated-option-set,"Q472,Q473,Q474,Q475,Q476,Q477"
after,Q477,L23,L23304,Early Stopping,B,24/41/21/25,1.7571428571428573,True,unique-longest-correct;repeated-option-set,"Q472,Q473,Q474,Q475,Q476,Q477"
after,Q478,L23,L23402,公平性指標取捨,D,15/18/33/37,1.6818181818181819,True,unique-longest-correct;repeated-option-set,"Q478,Q479,Q480,Q481,Q482,Q483"
after,Q479,L23,L23402,公平性指標取捨,A,37/18/15/33,1.6818181818181819,True,unique-longest-correct;repeated-option-set,"Q478,Q479,Q480,Q481,Q482,Q483"
after,Q480,L23,L23402,公平性指標取捨,B,33/37/15/18,1.6818181818181819,True,unique-longest-correct;repeated-option-set,"Q478,Q479,Q480,Q481,Q482,Q483"
after,Q481,L23,L23402,公平性指標取捨,C,33/15/37/18,1.6818181818181819,True,unique-longest-correct;repeated-option-set,"Q478,Q479,Q480,Q481,Q482,Q483"
after,Q482,L23,L23402,公平性指標取捨,D,15/18/33/37,1.6818181818181819,True,unique-longest-correct;repeated-option-set,"Q478,Q479,Q480,Q481,Q482,Q483"
after,Q483,L23,L23402,公平性指標取捨,C,33/18/37/15,1.6818181818181819,True,unique-longest-correct;repeated-option-set,"Q478,Q479,Q480,Q481,Q482,Q483"
